huc8,catalogingunitdescription,datatype,source,sampletype,sampledate,layer,latitude,longitude,pdepth,salzone,samplevolume,units,station,totaldepth,sampletime
,,phytp,odu/pel,c,2013-01-28t00:00:00,ap,37.58847,-76.16216,5,m,15,liter,cb6.1,14,13:15:00
,,phytp,odu/pel,c,2013-01-28t00:00:00,bp,37.58847,-76.16216,13.5,p,15,liter,cb6.1,14,13:15:00
,,phytp,odu/pel,c,2013-02-14t00:00:00,ap,37.58847,-76.16216,7,m,15,liter,cb6.1,12,11:09:00
,,phytp,odu/pel,c,2013-02-14t00:00:00,bp,37.58847,-76.16216,11.5,p,15,liter,cb6.1,12,11:09:00
,,phytp,odu/pel,c,2013-04-16t00:00:00,ap,37.58847,-76.16216,8,m,15,liter,cb6.1,13,11:51:00
,,phytp,odu/pel,c,2013-04-16t00:00:00,bp,37.58847,-76.16216,12.5,p,15,liter,cb6.1,13,11:51:00
,,phytp,odu/pel,c,2013-05-16t00:00:00,ap,37.58847,-76.16216,5,m,15,liter,cb6.1,13,16:34:00
,,phytp,odu/pel,c,2013-05-16t00:00:00,bp,37.58847,-76.16216,12.5,p,15,liter,cb6.1,13,16:34:00
,,phytp,odu/pel,c,2013-06-05t00:00:00,bp,37.58847,-76.16216,11.5,p,15,liter,cb6.1,12,15:22:00
,,phytp,odu/pel,c,2013-06-05t00:00:00,ap,37.58847,-76.16216,8,m,15,liter,cb6.1,12,15:22:00
,,phytp,odu/pel,c,2013-07-15t00:00:00,ap,37.58847,-76.16216,9,m,15,liter,cb6.1,12,15:29:00
,,phytp,odu/pel,c,2013-07-15t00:00:00,bp,37.58847,-76.16216,11.5,m,15,liter,cb6.1,12,15:29:00
,,phytp,odu/pel,c,2013-08-12t00:00:00,bp,37.58847,-76.16216,13.5,p,15,liter,cb6.1,14,15:45:00
,,phytp,odu/pel,c,2013-08-12t00:00:00,ap,37.58847,-76.16216,7,m,15,liter,cb6.1,14,15:45:00
,,phytp,odu/pel,c,2013-09-19t00:00:00,ap,37.58847,-76.16216,8,p,15,liter,cb6.1,14,11:18:00
,,phytp,odu/pel,c,2013-09-19t00:00:00,bp,37.58847,-76.16216,13.5,p,15,liter,cb6.1,14,11:18:00
,,phytp,odu/pel,c,2013-10-21t00:00:00,bp,37.58847,-76.16216,11.5,p,15,liter,cb6.1,12,15:28:00
,,phytp,odu/pel,c,2013-10-21t00:00:00,ap,37.58847,-76.16216,5,p,15,liter,cb6.1,12,15:28:00
,,phytp,odu/pel,c,2013-11-14t00:00:00,bp,37.58847,-76.16216,12.5,p,15,liter,cb6.1,13,11:11:00
,,phytp,odu/pel,c,2013-11-14t00:00:00,ap,37.58847,-76.16216,4,p,15,liter,cb6.1,13,11:11:00
,,phytp,odu/pel,c,2013-12-11t00:00:00,ap,37.58847,-76.16216,9,p,15,liter,cb6.1,13,16:41:00
,,phytp,odu/pel,c,2013-12-11t00:00:00,bp,37.58847,-76.16216,12.5,p,15,liter,cb6.1,13,16:41:00
,,phytp,odu/pel,c,2014-02-18t00:00:00,bp,37.58847,-76.16216,12.5,p,15,liter,cb6.1,13,07:32:00
,,phytp,odu/pel,c,2014-02-18t00:00:00,ap,37.58847,-76.16216,7,m,15,liter,cb6.1,13,07:32:00
,,phytp,odu/pel,c,2014-03-20t00:00:00,bp,37.58847,-76.16216,12.5,p,15,liter,cb6.1,13,10:45:00
,,phytp,odu/pel,c,2014-03-20t00:00:00,ap,37.58847,-76.16216,5,m,15,liter,cb6.1,13,10:45:00
,,phytp,odu/pel,c,2014-04-22t00:00:00,ap,37.58847,-76.16216,8,m,15,liter,cb6.1,12,11:14:00
,,phytp,odu/pel,c,2014-04-22t00:00:00,bp,37.58847,-76.16216,11.5,p,15,liter,cb6.1,12,11:14:00
,,phytp,odu/pel,c,2014-05-12t00:00:00,ap,37.58847,-76.16216,6,m,15,liter,cb6.1,12,16:02:00
,,phytp,odu/pel,c,2014-05-12t00:00:00,bp,37.58847,-76.16216,11.5,p,15,liter,cb6.1,12,16:02:00
,,phytp,odu/pel,c,2014-06-02t00:00:00,ap,37.58847,-76.16216,8,m,15,liter,cb6.1,12,15:40:00
,,phytp,odu/pel,c,2014-06-02t00:00:00,bp,37.58847,-76.16216,11.5,p,15,liter,cb6.1,12,15:40:00
,,phytp,odu/pel,c,2014-07-07t00:00:00,ap,37.58847,-76.16216,7,m,15,liter,cb6.1,11,13:39:00
,,phytp,odu/pel,c,2014-07-07t00:00:00,bp,37.58847,-76.16216,10.5,m,15,liter,cb6.1,11,13:39:00
,,phytp,odu/pel,c,2014-08-04t00:00:00,bp,37.58847,-76.16216,11.5,m,15,liter,cb6.1,12,15:55:00
,,phytp,odu/pel,c,2014-08-04t00:00:00,ap,37.58847,-76.16216,9,m,15,liter,cb6.1,12,15:55:00
,,phytp,odu/pel,c,2014-09-16t00:00:00,ap,37.58847,-76.16216,6,m,15,liter,cb6.1,12,11:25:00
,,phytp,odu/pel,c,2014-09-16t00:00:00,bp,37.58847,-76.16216,11.5,p,15,liter,cb6.1,12,11:25:00
,,phytp,odu/pel,c,2014-10-20t00:00:00,ap,37.58847,-76.16216,4,p,15,liter,cb6.1,12,14:43:00
,,phytp,odu/pel,c,2014-10-20t00:00:00,bp,37.58847,-76.16216,11.5,p,15,liter,cb6.1,12,14:43:00
,,phytp,odu/pel,c,2014-12-15t00:00:00,ap,37.58847,-76.16216,9,p,15,liter,cb6.1,13,15:15:00
,,phytp,odu/pel,c,2014-12-15t00:00:00,bp,37.58847,-76.16216,12.5,p,15,liter,cb6.1,13,15:15:00
,,phytp,odu/pel,c,2015-01-16t00:00:00,ap,37.58847,-76.16216,7,p,15,liter,cb6.1,12,09:46:00
,,phytp,odu/pel,c,2015-01-16t00:00:00,bp,37.58847,-76.16216,11.5,p,15,liter,cb6.1,12,09:46:00
,,phytp,odu/pel,c,2015-03-12t00:00:00,bp,37.58847,-76.16216,11.5,p,15,liter,cb6.1,12,15:06:00
,,phytp,odu/pel,c,2015-03-12t00:00:00,ap,37.58847,-76.16216,4,p,15,liter,cb6.1,12,15:06:00
,,phytp,odu/pel,c,2015-04-07t00:00:00,bp,37.58847,-76.16216,11.5,p,15,liter,cb6.1,12,11:54:00
,,phytp,odu/pel,c,2015-04-07t00:00:00,ap,37.58847,-76.16216,2,m,15,liter,cb6.1,12,11:54:00
,,phytp,odu/pel,c,2015-05-06t00:00:00,ap,37.58847,-76.16216,2,m,15,liter,cb6.1,12,16:19:00
,,phytp,odu/pel,c,2015-05-06t00:00:00,bp,37.58847,-76.16216,11.5,p,15,liter,cb6.1,12,16:19:00
,,phytp,odu/pel,c,2015-06-01t00:00:00,ap,37.58847,-76.16216,4,p,15,liter,cb6.1,12,15:50:00
,,phytp,odu/pel,c,2015-06-01t00:00:00,bp,37.58847,-76.16216,11.5,p,15,liter,cb6.1,12,15:50:00
,,phytp,odu/pel,c,2015-07-06t00:00:00,bp,37.58847,-76.16216,11.5,p,15,liter,cb6.1,12,17:03:00
,,phytp,odu/pel,c,2015-07-06t00:00:00,ap,37.58847,-76.16216,4,p,15,liter,cb6.1,12,17:03:00
,,phytp,odu/pel,c,2015-08-05t00:00:00,bp,37.58847,-76.16216,11.5,p,15,liter,cb6.1,12,07:31:00
,,phytp,odu/pel,c,2015-08-05t00:00:00,ap,37.58847,-76.16216,6,m,15,liter,cb6.1,12,07:31:00
,,phytp,odu/pel,c,2015-10-20t00:00:00,bp,37.58847,-76.16216,11.5,p,15,liter,cb6.1,12,15:57:00
,,phytp,odu/pel,c,2015-10-20t00:00:00,ap,37.58847,-76.16216,4,p,15,liter,cb6.1,12,15:57:00
,,phytp,odu/pel,c,2015-11-16t00:00:00,ap,37.58847,-76.16216,5,p,15,liter,cb6.1,13,12:41:00
,,phytp,odu/pel,c,2015-11-16t00:00:00,bp,37.58847,-76.16216,12.5,p,15,liter,cb6.1,13,12:41:00
,,phytp,odu/pel,c,2015-12-15t00:00:00,ap,37.58847,-76.16216,6,p,15,liter,cb6.1,13,14:33:00
,,phytp,odu/pel,c,2015-12-15t00:00:00,bp,37.58847,-76.16216,12.5,p,15,liter,cb6.1,13,14:33:00
,,phytp,odu/pel,c,2016-01-14t00:00:00,bp,37.58847,-76.16216,11.5,p,15,liter,cb6.1,12,13:17:00
,,phytp,odu/pel,c,2016-01-14t00:00:00,ap,37.58847,-76.16216,4,p,15,liter,cb6.1,12,13:17:00
,,phytp,odu/pel,c,2016-02-17t00:00:00,ap,37.58847,-76.16216,4,m,15,liter,cb6.1,13,16:32:00
,,phytp,odu/pel,c,2016-02-17t00:00:00,bp,37.58847,-76.16216,12.5,p,15,liter,cb6.1,13,16:32:00
,,phytp,odu/pel,c,2016-03-16t00:00:00,ap,37.58847,-76.16216,7,m,15,liter,cb6.1,13,08:16:00
,,phytp,odu/pel,c,2016-03-16t00:00:00,bp,37.58847,-76.16216,12.5,p,15,liter,cb6.1,13,08:16:00
,,phytp,odu/pel,c,2016-04-27t00:00:00,ap,37.58847,-76.16216,4,m,15,liter,cb6.1,13,12:13:00
,,phytp,odu/pel,c,2016-04-27t00:00:00,bp,37.58847,-76.16216,12.5,p,15,liter,cb6.1,13,12:13:00
,,phytp,odu/pel,c,2016-05-19t00:00:00,ap,37.58847,-76.16216,9,m,15,liter,cb6.1,12,12:28:00
,,phytp,odu/pel,c,2016-05-19t00:00:00,bp,37.58847,-76.16216,11.5,p,15,liter,cb6.1,12,12:28:00
,,phytp,odu/pel,c,2016-06-07t00:00:00,bp,37.58847,-76.16216,11.5,p,15,liter,cb6.1,12,11:11:00
,,phytp,odu/pel,c,2016-06-07t00:00:00,ap,37.58847,-76.16216,3,m,15,liter,cb6.1,12,11:11:00
,,phytp,odu/pel,c,2016-07-11t00:00:00,ap,37.58847,-76.16216,7,p,15,liter,cb6.1,12,16:47:00
,,phytp,odu/pel,c,2016-07-11t00:00:00,bp,37.58847,-76.16216,11.5,p,15,liter,cb6.1,12,16:47:00
,,phytp,odu/pel,c,2016-08-08t00:00:00,ap,37.58847,-76.16216,7,p,15,liter,cb6.1,12,16:51:00
,,phytp,odu/pel,c,2016-08-08t00:00:00,bp,37.58847,-76.16216,11.5,p,15,liter,cb6.1,12,16:51:00
,,phytp,odu/pel,c,2016-09-27t00:00:00,ap,37.58847,-76.16216,6,p,15,liter,cb6.1,12,12:02:00
,,phytp,odu/pel,c,2016-09-27t00:00:00,bp,37.58847,-76.16216,11.5,p,15,liter,cb6.1,12,12:02:00
,,phytp,odu/pel,c,2016-10-19t00:00:00,bp,37.58847,-76.16216,11.5,p,15,liter,cb6.1,12,07:53:00
,,phytp,odu/pel,c,2016-10-19t00:00:00,ap,37.58847,-76.16216,4,p,15,liter,cb6.1,12,07:53:00
,,phytp,odu/pel,c,2016-11-15t00:00:00,ap,37.58847,-76.16216,4,p,15,liter,cb6.1,8,15:38:00
,,phytp,odu/pel,c,2016-11-15t00:00:00,bp,37.58847,-76.16216,7.5,p,15,liter,cb6.1,8,15:38:00
,,phytp,odu/pel,c,2016-12-13t00:00:00,ap,37.58847,-76.16216,4,p,15,liter,cb6.1,12,15:18:00
,,phytp,odu/pel,c,2016-12-13t00:00:00,bp,37.58847,-76.16216,11.5,p,15,liter,cb6.1,12,15:18:00
,,phytp,odu/pel,c,2013-01-16t00:00:00,ap,37.23653,-76.20799,3,p,15,liter,cb6.4,10,13:42:00
,,phytp,odu/pel,c,2013-01-16t00:00:00,bp,37.23653,-76.20799,9.5,p,15,liter,cb6.4,10,13:42:00
,,phytp,odu/pel,c,2013-02-14t00:00:00,ap,37.23653,-76.20799,1,p,15,liter,cb6.4,10,14:43:00
,,phytp,odu/pel,c,2013-02-14t00:00:00,bp,37.23653,-76.20799,9.5,p,15,liter,cb6.4,10,14:43:00
,,phytp,odu/pel,c,2013-03-20t00:00:00,ap,37.23653,-76.20799,6,m,15,liter,cb6.4,9,11:18:00
,,phytp,odu/pel,c,2013-03-20t00:00:00,bp,37.23653,-76.20799,8.5,p,15,liter,cb6.4,9,11:18:00
,,phytp,odu/pel,c,2013-04-16t00:00:00,ap,37.23653,-76.20799,7,p,15,liter,cb6.4,10,15:46:00
,,phytp,odu/pel,c,2013-04-16t00:00:00,bp,37.23653,-76.20799,9.5,p,15,liter,cb6.4,10,15:46:00
,,phytp,odu/pel,c,2013-05-14t00:00:00,bp,37.23653,-76.20799,1,p,15,liter,cb6.4,9,13:20:00
,,phytp,odu/pel,c,2013-05-14t00:00:00,ap,37.23653,-76.20799,6,m,15,liter,cb6.4,9,13:20:00
,,phytp,odu/pel,c,2013-06-03t00:00:00,ap,37.23653,-76.20799,3,p,15,liter,cb6.4,9,11:43:00
,,phytp,odu/pel,c,2013-06-03t00:00:00,bp,37.23653,-76.20799,8.5,p,15,liter,cb6.4,9,11:43:00
,,phytp,odu/pel,c,2013-07-16t00:00:00,ap,37.23653,-76.20799,7,m,15,liter,cb6.4,10,15:43:00
,,phytp,odu/pel,c,2013-07-16t00:00:00,bp,37.23653,-76.20799,9.5,p,15,liter,cb6.4,10,15:43:00
,,phytp,odu/pel,c,2013-08-13t00:00:00,ap,37.23653,-76.20799,2,p,15,liter,cb6.4,11,13:13:00
,,phytp,odu/pel,c,2013-08-13t00:00:00,bp,37.23653,-76.20799,10.5,p,15,liter,cb6.4,11,13:13:00
,,phytp,odu/pel,c,2013-09-19t00:00:00,ap,37.23653,-76.20799,7,p,15,liter,cb6.4,10,15:23:00
,,phytp,odu/pel,c,2013-09-19t00:00:00,bp,37.23653,-76.20799,9.5,p,15,liter,cb6.4,10,15:23:00
,,phytp,odu/pel,c,2013-10-22t00:00:00,bp,37.23653,-76.20799,9.5,p,15,liter,cb6.4,10,16:08:00
,,phytp,odu/pel,c,2013-10-22t00:00:00,ap,37.23653,-76.20799,3,p,15,liter,cb6.4,10,16:08:00
,,phytp,odu/pel,c,2013-11-11t00:00:00,ap,37.23653,-76.20799,3,p,15,liter,cb6.4,11,13:57:00
,,phytp,odu/pel,c,2013-11-11t00:00:00,bp,37.23653,-76.20799,10.5,p,15,liter,cb6.4,11,13:57:00
,,phytp,odu/pel,c,2013-12-09t00:00:00,ap,37.23653,-76.20799,4,p,15,liter,cb6.4,11,15:47:00
,,phytp,odu/pel,c,2013-12-09t00:00:00,bp,37.23653,-76.20799,10.5,p,15,liter,cb6.4,11,15:47:00
,,phytp,odu/pel,c,2014-02-18t00:00:00,ap,37.23653,-76.20799,3,p,15,liter,cb6.4,11,17:11:00
,,phytp,odu/pel,c,2014-02-18t00:00:00,bp,37.23653,-76.20799,10.5,p,15,liter,cb6.4,11,17:11:00
,,phytp,odu/pel,c,2014-03-20t00:00:00,ap,37.23653,-76.20799,3,p,15,liter,cb6.4,10,14:29:00
,,phytp,odu/pel,c,2014-03-20t00:00:00,bp,37.23653,-76.20799,9.5,p,15,liter,cb6.4,10,14:29:00
,,phytp,odu/pel,c,2014-04-14t00:00:00,ap,37.23653,-76.20799,4,m,15,liter,cb6.4,9,12:24:00
,,phytp,odu/pel,c,2014-04-14t00:00:00,bp,37.23653,-76.20799,8.5,p,15,liter,cb6.4,9,12:24:00
,,phytp,odu/pel,c,2014-05-13t00:00:00,ap,37.23653,-76.20799,2,m,15,liter,cb6.4,9,16:07:00
,,phytp,odu/pel,c,2014-05-13t00:00:00,bp,37.23653,-76.20799,8.5,p,15,liter,cb6.4,9,16:07:00
,,phytp,odu/pel,c,2014-06-04t00:00:00,bp,37.23653,-76.20799,8.5,p,15,liter,cb6.4,9,08:52:00
,,phytp,odu/pel,c,2014-06-04t00:00:00,ap,37.23653,-76.20799,3,m,15,liter,cb6.4,9,08:52:00
,,phytp,odu/pel,c,2014-07-10t00:00:00,ap,37.23653,-76.20799,2,p,15,liter,cb6.4,9,08:09:00
,,phytp,odu/pel,c,2014-07-10t00:00:00,bp,37.23653,-76.20799,8.5,p,15,liter,cb6.4,9,08:09:00
,,phytp,odu/pel,c,2014-08-05t00:00:00,bp,37.23653,-76.20799,7.5,p,15,liter,cb6.4,8,16:48:00
,,phytp,odu/pel,c,2014-08-05t00:00:00,ap,37.23653,-76.20799,5,m,15,liter,cb6.4,8,16:48:00
,,phytp,odu/pel,c,2014-09-16t00:00:00,ap,37.23653,-76.20799,3,p,15,liter,cb6.4,10,15:01:00
,,phytp,odu/pel,c,2014-09-16t00:00:00,bp,37.23653,-76.20799,9.5,p,15,liter,cb6.4,10,15:01:00
,,phytp,odu/pel,c,2014-10-21t00:00:00,ap,37.23653,-76.20799,2,p,15,liter,cb6.4,9,16:46:00
,,phytp,odu/pel,c,2014-10-21t00:00:00,bp,37.23653,-76.20799,8.5,p,15,liter,cb6.4,9,16:46:00
,,phytp,odu/pel,c,2014-11-25t00:00:00,ap,37.23653,-76.20799,3,p,15,liter,cb6.4,11,12:22:00
,,phytp,odu/pel,c,2014-11-25t00:00:00,bp,37.23653,-76.20799,10.5,p,15,liter,cb6.4,11,12:22:00
,,phytp,odu/pel,c,2014-12-16t00:00:00,ap,37.23653,-76.20799,4,p,15,liter,cb6.4,10,15:43:00
,,phytp,odu/pel,c,2014-12-16t00:00:00,bp,37.23653,-76.20799,9.5,p,15,liter,cb6.4,10,15:43:00
,,phytp,odu/pel,c,2015-01-12t00:00:00,ap,37.23653,-76.20799,7,p,15,liter,cb6.4,10,11:53:00
,,phytp,odu/pel,c,2015-01-12t00:00:00,bp,37.23653,-76.20799,9.5,p,15,liter,cb6.4,10,11:53:00
,,phytp,odu/pel,c,2015-02-09t00:00:00,ap,37.23653,-76.20799,6,p,15,liter,cb6.4,10,12:23:00
,,phytp,odu/pel,c,2015-02-09t00:00:00,bp,37.23653,-76.20799,9.5,p,15,liter,cb6.4,10,12:23:00
,,phytp,odu/pel,c,2015-03-09t00:00:00,ap,37.23653,-76.20799,3,p,15,liter,cb6.4,9,12:58:00
,,phytp,odu/pel,c,2015-03-09t00:00:00,bp,37.23653,-76.20799,8.5,p,15,liter,cb6.4,9,12:58:00
,,phytp,odu/pel,c,2015-04-07t00:00:00,ap,37.23653,-76.20799,3,p,15,liter,cb6.4,9,15:29:00
,,phytp,odu/pel,c,2015-04-07t00:00:00,bp,37.23653,-76.20799,8.5,p,15,liter,cb6.4,9,15:29:00
,,phytp,odu/pel,c,2015-05-05t00:00:00,ap,37.23653,-76.20799,4,m,15,liter,cb6.4,9,15:32:00
,,phytp,odu/pel,c,2015-05-05t00:00:00,bp,37.23653,-76.20799,8.5,p,15,liter,cb6.4,9,15:32:00
,,phytp,odu/pel,c,2015-06-23t00:00:00,bp,37.23653,-76.20799,8.5,p,15,liter,cb6.4,9,16:35:00
,,phytp,odu/pel,c,2015-06-23t00:00:00,ap,37.23653,-76.20799,3,p,15,liter,cb6.4,9,16:35:00
,,phytp,odu/pel,c,2015-07-21t00:00:00,ap,37.23653,-76.20799,5,m,15,liter,cb6.4,12,16:05:00
,,phytp,odu/pel,c,2015-07-21t00:00:00,bp,37.23653,-76.20799,11.5,p,15,liter,cb6.4,12,16:05:00
,,phytp,odu/pel,c,2015-08-06t00:00:00,ap,37.23653,-76.20799,4,p,15,liter,cb6.4,10,07:36:00
,,phytp,odu/pel,c,2015-08-06t00:00:00,bp,37.23653,-76.20799,9.5,p,15,liter,cb6.4,10,07:36:00
,,phytp,odu/pel,c,2015-10-21t00:00:00,ap,37.23653,-76.20799,2,p,15,liter,cb6.4,8,16:11:00
,,phytp,odu/pel,c,2015-10-21t00:00:00,bp,37.23653,-76.20799,7.5,p,15,liter,cb6.4,8,16:11:00
,,phytp,odu/pel,c,2015-11-24t00:00:00,ap,37.23653,-76.20799,3,p,15,liter,cb6.4,9,11:42:00
,,phytp,odu/pel,c,2015-11-24t00:00:00,bp,37.23653,-76.20799,8.5,p,15,liter,cb6.4,9,11:42:00
,,phytp,odu/pel,c,2015-12-15t00:00:00,bp,37.23653,-76.20799,9.5,p,15,liter,cb6.4,10,11:53:00
,,phytp,odu/pel,c,2015-12-15t00:00:00,ap,37.23653,-76.20799,3,p,15,liter,cb6.4,10,11:53:00
,,phytp,odu/pel,c,2016-01-11t00:00:00,bp,37.23653,-76.20799,9.5,p,15,liter,cb6.4,10,14:03:00
,,phytp,odu/pel,c,2016-01-11t00:00:00,ap,37.23653,-76.20799,5,p,15,liter,cb6.4,10,14:03:00
,,phytp,odu/pel,c,2016-02-09t00:00:00,bp,37.23653,-76.20799,9.5,p,15,liter,cb6.4,10,12:56:00
,,phytp,odu/pel,c,2016-02-09t00:00:00,ap,37.23653,-76.20799,4,p,15,liter,cb6.4,10,12:56:00
,,phytp,odu/pel,c,2016-03-14t00:00:00,ap,37.23653,-76.20799,5,p,15,liter,cb6.4,10,17:19:00
,,phytp,odu/pel,c,2016-03-14t00:00:00,bp,37.23653,-76.20799,9.5,p,15,liter,cb6.4,10,17:19:00
,,phytp,odu/pel,c,2016-04-18t00:00:00,bp,37.23653,-76.20799,9.5,p,15,liter,cb6.4,10,17:19:00
,,phytp,odu/pel,c,2016-04-18t00:00:00,ap,37.23653,-76.20799,6,p,15,liter,cb6.4,10,17:19:00
,,phytp,odu/pel,c,2016-05-10t00:00:00,ap,37.23653,-76.20799,5,m,15,liter,cb6.4,9,12:47:00
,,phytp,odu/pel,c,2016-05-10t00:00:00,bp,37.23653,-76.20799,8.5,p,15,liter,cb6.4,9,12:47:00
,,phytp,odu/pel,c,2016-06-07t00:00:00,bp,37.23653,-76.20799,8.5,p,15,liter,cb6.4,9,15:09:00
,,phytp,odu/pel,c,2016-06-07t00:00:00,ap,37.23653,-76.20799,3,p,15,liter,cb6.4,9,15:09:00
,,phytp,odu/pel,c,2016-07-13t00:00:00,ap,37.23653,-76.20799,5,p,15,liter,cb6.4,9,08:48:00
,,phytp,odu/pel,c,2016-07-13t00:00:00,bp,37.23653,-76.20799,8.5,p,15,liter,cb6.4,9,08:48:00
,,phytp,odu/pel,c,2016-08-09t00:00:00,ap,37.23653,-76.20799,6,p,15,liter,cb6.4,9,16:54:00
,,phytp,odu/pel,c,2016-08-09t00:00:00,bp,37.23653,-76.20799,8.5,p,15,liter,cb6.4,9,16:54:00
,,phytp,odu/pel,c,2016-09-26t00:00:00,ap,37.23653,-76.20799,3,p,15,liter,cb6.4,9,08:48:00
,,phytp,odu/pel,c,2016-09-26t00:00:00,bp,37.23653,-76.20799,8.5,p,15,liter,cb6.4,9,08:48:00
,,phytp,odu/pel,c,2016-10-19t00:00:00,bp,37.23653,-76.20799,9.5,p,15,liter,cb6.4,10,11:48:00
,,phytp,odu/pel,c,2016-10-19t00:00:00,ap,37.23653,-76.20799,2,p,15,liter,cb6.4,10,11:48:00
,,phytp,odu/pel,c,2016-11-15t00:00:00,ap,37.23653,-76.20799,3,p,15,liter,cb6.4,10,12:00:00
,,phytp,odu/pel,c,2016-11-15t00:00:00,bp,37.23653,-76.20799,9.5,p,15,liter,cb6.4,10,12:00:00
,,phytp,odu/pel,c,2013-01-28t00:00:00,ap,37.22875,-76.05383,6,p,15,liter,cb7.3e,18,10:35:00
,,phytp,odu/pel,c,2013-01-28t00:00:00,bp,37.22875,-76.05383,17.5,p,15,liter,cb7.3e,18,10:35:00
,,phytp,odu/pel,c,2013-02-13t00:00:00,ap,37.22875,-76.05383,1,p,15,liter,cb7.3e,19,11:10:00
,,phytp,odu/pel,c,2013-02-13t00:00:00,bp,37.22875,-76.05383,18.5,p,15,liter,cb7.3e,19,11:10:00
,,phytp,odu/pel,c,2013-03-20t00:00:00,ap,37.22875,-76.05383,1,p,15,liter,cb7.3e,25,12:05:00
,,phytp,odu/pel,c,2013-03-20t00:00:00,bp,37.22875,-76.05383,24.5,p,15,liter,cb7.3e,25,12:05:00
,,phytp,odu/pel,c,2013-04-15t00:00:00,ap,37.22875,-76.05383,6,p,15,liter,cb7.3e,20,11:48:00
,,phytp,odu/pel,c,2013-04-15t00:00:00,bp,37.22875,-76.05383,19.5,p,15,liter,cb7.3e,20,11:48:00
,,phytp,odu/pel,c,2013-05-14t00:00:00,bp,37.22875,-76.05383,22.5,p,15,liter,cb7.3e,23,12:28:00
,,phytp,odu/pel,c,2013-05-14t00:00:00,ap,37.22875,-76.05383,7,p,15,liter,cb7.3e,23,12:28:00
,,phytp,odu/pel,c,2013-06-05t00:00:00,bp,37.22875,-76.05383,18.5,p,15,liter,cb7.3e,19,11:49:00
,,phytp,odu/pel,c,2013-06-05t00:00:00,ap,37.22875,-76.05383,3,p,15,liter,cb7.3e,19,11:49:00
,,phytp,odu/pel,c,2013-07-15t00:00:00,bp,37.22875,-76.05383,21.5,p,15,liter,cb7.3e,22,12:07:00
,,phytp,odu/pel,c,2013-07-15t00:00:00,ap,37.22875,-76.05383,1,p,15,liter,cb7.3e,22,12:07:00
,,phytp,odu/pel,c,2013-08-12t00:00:00,ap,37.22875,-76.05383,1,p,15,liter,cb7.3e,25,12:08:00
,,phytp,odu/pel,c,2013-08-12t00:00:00,bp,37.22875,-76.05383,24.5,p,15,liter,cb7.3e,25,12:08:00
,,phytp,odu/pel,c,2013-09-18t00:00:00,bp,37.22875,-76.05383,22.5,p,15,liter,cb7.3e,23,09:05:00
,,phytp,odu/pel,c,2013-09-18t00:00:00,ap,37.22875,-76.05383,7,p,15,liter,cb7.3e,23,09:05:00
,,phytp,odu/pel,c,2013-10-21t00:00:00,ap,37.22875,-76.05383,7,p,15,liter,cb7.3e,22,12:08:00
,,phytp,odu/pel,c,2013-10-21t00:00:00,bp,37.22875,-76.05383,21.5,p,15,liter,cb7.3e,22,12:08:00
,,phytp,odu/pel,c,2013-11-21t00:00:00,bp,37.22875,-76.05383,22.5,p,15,liter,cb7.3e,23,09:02:00
,,phytp,odu/pel,c,2013-11-21t00:00:00,ap,37.22875,-76.05383,14,p,15,liter,cb7.3e,23,09:02:00
,,phytp,odu/pel,c,2013-12-09t00:00:00,ap,37.22875,-76.05383,5,p,15,liter,cb7.3e,20,11:52:00
,,phytp,odu/pel,c,2013-12-09t00:00:00,bp,37.22875,-76.05383,19.5,p,15,liter,cb7.3e,20,11:52:00
,,phytp,odu/pel,c,2014-02-19t00:00:00,bp,37.22875,-76.05383,19.5,p,15,liter,cb7.3e,20,08:30:00
,,phytp,odu/pel,c,2014-02-19t00:00:00,ap,37.22875,-76.05383,6,p,15,liter,cb7.3e,20,08:30:00
,,phytp,odu/pel,c,2014-03-19t00:00:00,bp,37.22875,-76.05383,22.5,p,15,liter,cb7.3e,23,09:43:00
,,phytp,odu/pel,c,2014-03-19t00:00:00,ap,37.22875,-76.05383,3,p,15,liter,cb7.3e,23,09:43:00
,,phytp,odu/pel,c,2014-04-21t00:00:00,ap,37.22875,-76.05383,8,p,15,liter,cb7.3e,22,13:15:00
,,phytp,odu/pel,c,2014-04-21t00:00:00,bp,37.22875,-76.05383,21.5,p,15,liter,cb7.3e,22,13:15:00
,,phytp,odu/pel,c,2014-05-12t00:00:00,ap,37.22875,-76.05383,1,m,15,liter,cb7.3e,22,12:00:00
,,phytp,odu/pel,c,2014-05-12t00:00:00,bp,37.22875,-76.05383,21.5,p,15,liter,cb7.3e,22,12:00:00
,,phytp,odu/pel,c,2014-06-02t00:00:00,ap,37.22875,-76.05383,1,m,15,liter,cb7.3e,19,12:00:00
,,phytp,odu/pel,c,2014-06-02t00:00:00,bp,37.22875,-76.05383,18.5,p,15,liter,cb7.3e,19,12:00:00
,,phytp,odu/pel,c,2014-07-09t00:00:00,ap,37.22875,-76.05383,7,p,15,liter,cb7.3e,21,16:29:00
,,phytp,odu/pel,c,2014-07-09t00:00:00,bp,37.22875,-76.05383,20.5,p,15,liter,cb7.3e,21,16:29:00
,,phytp,odu/pel,c,2014-08-04t00:00:00,ap,37.22875,-76.05383,2,p,15,liter,cb7.3e,20,12:05:00
,,phytp,odu/pel,c,2014-08-04t00:00:00,bp,37.22875,-76.05383,19.5,p,15,liter,cb7.3e,20,12:05:00
,,phytp,odu/pel,c,2014-09-15t00:00:00,ap,37.22875,-76.05383,8,p,15,liter,cb7.3e,22,11:49:00
,,phytp,odu/pel,c,2014-09-15t00:00:00,bp,37.22875,-76.05383,21.5,p,15,liter,cb7.3e,22,11:49:00
,,phytp,odu/pel,c,2014-10-20t00:00:00,ap,37.22875,-76.05383,6,p,15,liter,cb7.3e,20,12:13:00
,,phytp,odu/pel,c,2014-10-20t00:00:00,bp,37.22875,-76.05383,19.5,p,15,liter,cb7.3e,20,12:13:00
,,phytp,odu/pel,c,2014-11-25t00:00:00,bp,37.22875,-76.05383,21.5,p,15,liter,cb7.3e,22,11:30:00
,,phytp,odu/pel,c,2014-11-25t00:00:00,ap,37.22875,-76.05383,17,p,15,liter,cb7.3e,22,11:30:00
,,phytp,odu/pel,c,2014-12-15t00:00:00,bp,37.22875,-76.05383,18.5,p,15,liter,cb7.3e,19,11:54:00
,,phytp,odu/pel,c,2014-12-15t00:00:00,ap,37.22875,-76.05383,6,p,15,liter,cb7.3e,19,11:54:00
,,phytp,odu/pel,c,2015-01-15t00:00:00,ap,37.22875,-76.05383,1,p,15,liter,cb7.3e,20,09:04:00
,,phytp,odu/pel,c,2015-01-15t00:00:00,bp,37.22875,-76.05383,19.5,p,15,liter,cb7.3e,20,09:04:00
,,phytp,odu/pel,c,2015-03-09t00:00:00,ap,37.22875,-76.05383,6,p,15,liter,cb7.3e,20,12:02:00
,,phytp,odu/pel,c,2015-03-09t00:00:00,bp,37.22875,-76.05383,19.5,p,15,liter,cb7.3e,20,12:02:00
,,phytp,odu/pel,c,2015-04-06t00:00:00,ap,37.22875,-76.05383,12,p,15,liter,cb7.3e,20,12:13:00
,,phytp,odu/pel,c,2015-04-06t00:00:00,bp,37.22875,-76.05383,19.5,p,15,liter,cb7.3e,20,12:13:00
,,phytp,odu/pel,c,2015-05-05t00:00:00,ap,37.22875,-76.05383,1,p,15,liter,cb7.3e,22,16:16:00
,,phytp,odu/pel,c,2015-05-05t00:00:00,bp,37.22875,-76.05383,21.5,p,15,liter,cb7.3e,22,16:16:00
,,phytp,odu/pel,c,2015-06-01t00:00:00,bp,37.22875,-76.05383,18.5,p,15,liter,cb7.3e,19,12:01:00
,,phytp,odu/pel,c,2015-06-01t00:00:00,ap,37.22875,-76.05383,6,p,15,liter,cb7.3e,19,12:01:00
,,phytp,odu/pel,c,2015-07-06t00:00:00,ap,37.22875,-76.05383,1,p,15,liter,cb7.3e,20,13:48:00
,,phytp,odu/pel,c,2015-07-06t00:00:00,bp,37.22875,-76.05383,19.5,p,15,liter,cb7.3e,20,13:48:00
,,phytp,odu/pel,c,2015-08-03t00:00:00,ap,37.22875,-76.05383,2,p,15,liter,cb7.3e,19,11:33:00
,,phytp,odu/pel,c,2015-08-03t00:00:00,bp,37.22875,-76.05383,18.5,p,15,liter,cb7.3e,19,11:33:00
,,phytp,odu/pel,c,2015-10-20t00:00:00,ap,37.22875,-76.05383,8,p,15,liter,cb7.3e,20,12:12:00
,,phytp,odu/pel,c,2015-10-20t00:00:00,bp,37.22875,-76.05383,19.5,p,15,liter,cb7.3e,20,12:12:00
,,phytp,odu/pel,c,2015-11-17t00:00:00,bp,37.22875,-76.05383,20.5,p,15,liter,cb7.3e,21,13:08:00
,,phytp,odu/pel,c,2015-11-17t00:00:00,ap,37.22875,-76.05383,6,p,15,liter,cb7.3e,21,13:08:00
,,phytp,odu/pel,c,2015-12-17t00:00:00,ap,37.22875,-76.05383,15,p,15,liter,cb7.3e,21,08:04:00
,,phytp,odu/pel,c,2015-12-17t00:00:00,bp,37.22875,-76.05383,20.5,p,15,liter,cb7.3e,21,08:04:00
,,phytp,odu/pel,c,2016-01-15t00:00:00,ap,37.22875,-76.05383,7,p,15,liter,cb7.3e,21,10:22:00
,,phytp,odu/pel,c,2016-01-15t00:00:00,bp,37.22875,-76.05383,20.5,p,15,liter,cb7.3e,21,10:22:00
,,phytp,odu/pel,c,2016-02-17t00:00:00,ap,37.22875,-76.05383,1,p,15,liter,cb7.3e,19,11:06:00
,,phytp,odu/pel,c,2016-02-17t00:00:00,bp,37.22875,-76.05383,18.5,p,15,liter,cb7.3e,19,11:06:00
,,phytp,odu/pel,c,2016-03-15t00:00:00,bp,37.22875,-76.05383,18.5,p,15,liter,cb7.3e,19,07:19:00
,,phytp,odu/pel,c,2016-03-15t00:00:00,ap,37.22875,-76.05383,1,p,15,liter,cb7.3e,19,07:19:00
,,phytp,odu/pel,c,2016-04-18t00:00:00,ap,37.22875,-76.05383,1,p,15,liter,cb7.3e,22,16:13:00
,,phytp,odu/pel,c,2016-04-18t00:00:00,bp,37.22875,-76.05383,21.5,p,15,liter,cb7.3e,22,16:13:00
,,phytp,odu/pel,c,2016-05-10t00:00:00,ap,37.22875,-76.05383,6,p,15,liter,cb7.3e,21,11:54:00
,,phytp,odu/pel,c,2016-05-10t00:00:00,bp,37.22875,-76.05383,20.5,p,15,liter,cb7.3e,21,11:54:00
,,phytp,odu/pel,c,2016-06-06t00:00:00,ap,37.22875,-76.05383,2,p,15,liter,cb7.3e,19,11:46:00
,,phytp,odu/pel,c,2016-06-06t00:00:00,bp,37.22875,-76.05383,18.5,p,15,liter,cb7.3e,19,11:46:00
,,phytp,odu/pel,c,2016-07-11t00:00:00,ap,37.22875,-76.05383,6,p,15,liter,cb7.3e,20,11:57:00
,,phytp,odu/pel,c,2016-07-11t00:00:00,bp,37.22875,-76.05383,19.5,p,15,liter,cb7.3e,20,11:57:00
,,phytp,odu/pel,c,2016-08-08t00:00:00,bp,37.22875,-76.05383,18.5,p,15,liter,cb7.3e,19,11:45:00
,,phytp,odu/pel,c,2016-08-08t00:00:00,ap,37.22875,-76.05383,1,p,15,liter,cb7.3e,19,11:45:00
,,phytp,odu/pel,c,2016-09-19t00:00:00,bp,37.22875,-76.05383,18.5,p,15,liter,cb7.3e,19,12:50:00
,,phytp,odu/pel,c,2016-09-19t00:00:00,ap,37.22875,-76.05383,6,p,15,liter,cb7.3e,19,12:50:00
,,phytp,odu/pel,c,2016-10-17t00:00:00,ap,37.22875,-76.05383,2,p,15,liter,cb7.3e,18,16:57:00
,,phytp,odu/pel,c,2016-10-17t00:00:00,bp,37.22875,-76.05383,17.5,p,15,liter,cb7.3e,18,16:57:00
,,phytp,odu/pel,c,2016-11-17t00:00:00,ap,37.22875,-76.05383,2,p,15,liter,cb7.3e,19,07:13:00
,,phytp,odu/pel,c,2016-11-17t00:00:00,bp,37.22875,-76.05383,18.5,p,15,liter,cb7.3e,19,07:13:00
,,phytp,odu/pel,c,2016-12-13t00:00:00,bp,37.22875,-76.05383,19.5,p,15,liter,cb7.3e,20,10:03:00
,,phytp,odu/pel,c,2016-12-13t00:00:00,ap,37.22875,-76.05383,5,p,15,liter,cb7.3e,20,10:03:00
,,phytp,odu/pel,c,2013-01-28t00:00:00,ap,36.9957,-76.02048,5,p,15,liter,cb7.4,16,08:57:00
,,phytp,odu/pel,c,2013-01-28t00:00:00,bp,36.9957,-76.02048,15.5,p,15,liter,cb7.4,16,08:57:00
,,phytp,odu/pel,c,2013-02-13t00:00:00,ap,36.9957,-76.02048,5,p,15,liter,cb7.4,16,09:02:00
,,phytp,odu/pel,c,2013-02-13t00:00:00,bp,36.9957,-76.02048,15.5,p,15,liter,cb7.4,16,09:02:00
,,phytp,odu/pel,c,2013-03-20t00:00:00,ap,36.9957,-76.02048,6,p,15,liter,cb7.4,15,14:32:00
,,phytp,odu/pel,c,2013-03-20t00:00:00,bp,36.9957,-76.02048,14.5,p,15,liter,cb7.4,15,14:32:00
,,phytp,odu/pel,c,2013-04-15t00:00:00,ap,36.9957,-76.02048,5,p,15,liter,cb7.4,15,09:29:00
,,phytp,odu/pel,c,2013-04-15t00:00:00,bp,36.9957,-76.02048,14.5,p,15,liter,cb7.4,15,09:29:00
,,phytp,odu/pel,c,2013-05-14t00:00:00,ap,36.9957,-76.02048,6,p,15,liter,cb7.4,15,10:46:00
,,phytp,odu/pel,c,2013-05-14t00:00:00,bp,36.9957,-76.02048,14.5,p,15,liter,cb7.4,15,10:46:00
,,phytp,odu/pel,c,2013-06-05t00:00:00,ap,36.9957,-76.02048,1,p,15,liter,cb7.4,15,09:26:00
,,phytp,odu/pel,c,2013-06-05t00:00:00,bp,36.9957,-76.02048,14.5,p,15,liter,cb7.4,15,09:26:00
,,phytp,odu/pel,c,2013-07-15t00:00:00,ap,36.9957,-76.02048,1,p,15,liter,cb7.4,15,09:47:00
,,phytp,odu/pel,c,2013-07-15t00:00:00,bp,36.9957,-76.02048,14.5,p,15,liter,cb7.4,15,09:47:00
,,phytp,odu/pel,c,2013-08-12t00:00:00,bp,36.9957,-76.02048,15.5,p,15,liter,cb7.4,16,09:34:00
,,phytp,odu/pel,c,2013-08-12t00:00:00,ap,36.9957,-76.02048,1,p,15,liter,cb7.4,16,09:34:00
,,phytp,odu/pel,c,2013-09-20t00:00:00,ap,36.9957,-76.02048,1,p,15,liter,cb7.4,16,10:58:00
,,phytp,odu/pel,c,2013-09-20t00:00:00,bp,36.9957,-76.02048,15.5,p,15,liter,cb7.4,16,10:58:00
,,phytp,odu/pel,c,2013-10-21t00:00:00,ap,36.9957,-76.02048,5,p,15,liter,cb7.4,15,09:53:00
,,phytp,odu/pel,c,2013-10-21t00:00:00,bp,36.9957,-76.02048,14.5,p,15,liter,cb7.4,15,09:53:00
,,phytp,odu/pel,c,2013-12-09t00:00:00,ap,36.9957,-76.02048,3,p,15,liter,cb7.4,15,09:25:00
,,phytp,odu/pel,c,2013-12-09t00:00:00,bp,36.9957,-76.02048,14.5,p,15,liter,cb7.4,15,09:25:00
,,phytp,odu/pel,c,2014-02-19t00:00:00,bp,36.9957,-76.02048,15.5,p,15,liter,cb7.4,16,10:52:00
,,phytp,odu/pel,c,2014-02-19t00:00:00,ap,36.9957,-76.02048,5,p,15,liter,cb7.4,16,10:52:00
,,phytp,odu/pel,c,2014-03-21t00:00:00,ap,36.9957,-76.02048,1,p,15,liter,cb7.4,15,10:07:00
,,phytp,odu/pel,c,2014-03-21t00:00:00,bp,36.9957,-76.02048,14.5,p,15,liter,cb7.4,15,10:07:00
,,phytp,odu/pel,c,2014-04-14t00:00:00,ap,36.9957,-76.02048,1,p,15,liter,cb7.4,15,09:58:00
,,phytp,odu/pel,c,2014-04-14t00:00:00,bp,36.9957,-76.02048,14.5,p,15,liter,cb7.4,15,09:58:00
,,phytp,odu/pel,c,2014-05-12t00:00:00,bp,36.9957,-76.02048,13.5,p,15,liter,cb7.4,14,09:43:00
,,phytp,odu/pel,c,2014-05-12t00:00:00,ap,36.9957,-76.02048,2,m,15,liter,cb7.4,14,09:43:00
,,phytp,odu/pel,c,2014-06-02t00:00:00,ap,36.9957,-76.02048,3,p,15,liter,cb7.4,14,09:40:00
,,phytp,odu/pel,c,2014-06-02t00:00:00,bp,36.9957,-76.02048,13.5,p,15,liter,cb7.4,14,09:40:00
,,phytp,odu/pel,c,2014-07-10t00:00:00,ap,36.9957,-76.02048,2,p,15,liter,cb7.4,14,10:33:00
,,phytp,odu/pel,c,2014-07-10t00:00:00,bp,36.9957,-76.02048,13.5,p,15,liter,cb7.4,14,10:33:00
,,phytp,odu/pel,c,2014-08-04t00:00:00,ap,36.9957,-76.02048,1,p,15,liter,cb7.4,14,09:22:00
,,phytp,odu/pel,c,2014-08-04t00:00:00,bp,36.9957,-76.02048,13.5,p,15,liter,cb7.4,14,09:22:00
,,phytp,odu/pel,c,2014-09-15t00:00:00,ap,36.9957,-76.02048,5,p,15,liter,cb7.4,14,09:24:00
,,phytp,odu/pel,c,2014-09-15t00:00:00,bp,36.9957,-76.02048,13.5,p,15,liter,cb7.4,14,09:24:00
,,phytp,odu/pel,c,2014-10-20t00:00:00,ap,36.9957,-76.02048,1,p,15,liter,cb7.4,15,09:44:00
,,phytp,odu/pel,c,2014-10-20t00:00:00,bp,36.9957,-76.02048,14.5,p,15,liter,cb7.4,15,09:44:00
,,phytp,odu/pel,c,2014-11-25t00:00:00,ap,36.9957,-76.02048,5,p,15,liter,cb7.4,16,09:17:00
,,phytp,odu/pel,c,2014-11-25t00:00:00,bp,36.9957,-76.02048,15.5,p,15,liter,cb7.4,16,09:17:00
,,phytp,odu/pel,c,2014-12-15t00:00:00,ap,36.9957,-76.02048,9,p,15,liter,cb7.4,15,09:25:00
,,phytp,odu/pel,c,2014-12-15t00:00:00,bp,36.9957,-76.02048,14.5,p,15,liter,cb7.4,15,09:25:00
,,phytp,odu/pel,c,2015-01-12t00:00:00,ap,36.9957,-76.02048,5,p,15,liter,cb7.4,15,09:28:00
,,phytp,odu/pel,c,2015-01-12t00:00:00,bp,36.9957,-76.02048,14.5,p,15,liter,cb7.4,15,09:28:00
,,phytp,odu/pel,c,2015-02-09t00:00:00,bp,36.9957,-76.02048,14.5,p,15,liter,cb7.4,15,09:54:00
,,phytp,odu/pel,c,2015-02-09t00:00:00,ap,36.9957,-76.02048,4,p,15,liter,cb7.4,15,09:54:00
,,phytp,odu/pel,c,2015-03-09t00:00:00,bp,36.9957,-76.02048,14.5,p,15,liter,cb7.4,15,09:33:00
,,phytp,odu/pel,c,2015-03-09t00:00:00,ap,36.9957,-76.02048,1,p,15,liter,cb7.4,15,09:33:00
,,phytp,odu/pel,c,2015-04-06t00:00:00,ap,36.9957,-76.02048,1,p,15,liter,cb7.4,15,09:48:00
,,phytp,odu/pel,c,2015-04-06t00:00:00,bp,36.9957,-76.02048,14.5,p,15,liter,cb7.4,15,09:48:00
,,phytp,odu/pel,c,2015-05-05t00:00:00,ap,36.9957,-76.02048,2,p,15,liter,cb7.4,15,12:59:00
,,phytp,odu/pel,c,2015-05-05t00:00:00,bp,36.9957,-76.02048,14.5,p,15,liter,cb7.4,15,12:59:00
,,phytp,odu/pel,c,2015-06-01t00:00:00,ap,36.9957,-76.02048,1,p,15,liter,cb7.4,15,09:33:00
,,phytp,odu/pel,c,2015-06-01t00:00:00,bp,36.9957,-76.02048,14.5,p,15,liter,cb7.4,15,09:33:00
,,phytp,odu/pel,c,2015-07-06t00:00:00,ap,36.9957,-76.02048,1,p,15,liter,cb7.4,15,11:35:00
,,phytp,odu/pel,c,2015-07-06t00:00:00,bp,36.9957,-76.02048,14.5,p,15,liter,cb7.4,15,11:35:00
,,phytp,odu/pel,c,2015-08-03t00:00:00,bp,36.9957,-76.02048,13.5,p,15,liter,cb7.4,14,09:17:00
,,phytp,odu/pel,c,2015-08-03t00:00:00,ap,36.9957,-76.02048,3,p,15,liter,cb7.4,14,09:17:00
,,phytp,odu/pel,c,2015-10-20t00:00:00,ap,36.9957,-76.02048,4,p,15,liter,cb7.4,14,09:36:00
,,phytp,odu/pel,c,2015-10-20t00:00:00,bp,36.9957,-76.02048,13.5,p,15,liter,cb7.4,14,09:36:00
,,phytp,odu/pel,c,2015-11-24t00:00:00,ap,36.9957,-76.02048,1,p,15,liter,cb7.4,15,09:28:00
,,phytp,odu/pel,c,2015-11-24t00:00:00,bp,36.9957,-76.02048,14.5,p,15,liter,cb7.4,15,09:28:00
,,phytp,odu/pel,c,2016-02-17t00:00:00,ap,36.9957,-76.02048,1,p,15,liter,cb7.4,15,09:18:00
,,phytp,odu/pel,c,2016-02-17t00:00:00,bp,36.9957,-76.02048,14.5,p,15,liter,cb7.4,15,09:18:00
,,phytp,odu/pel,c,2016-03-16t00:00:00,bp,36.9957,-76.02048,15.5,p,15,liter,cb7.4,16,13:57:00
,,phytp,odu/pel,c,2016-03-16t00:00:00,ap,36.9957,-76.02048,2,p,15,liter,cb7.4,16,13:57:00
,,phytp,odu/pel,c,2016-04-18t00:00:00,ap,36.9957,-76.02048,1,p,15,liter,cb7.4,15,12:48:00
,,phytp,odu/pel,c,2016-04-18t00:00:00,bp,36.9957,-76.02048,14.5,p,15,liter,cb7.4,15,12:48:00
,,phytp,odu/pel,c,2016-05-10t00:00:00,ap,36.9957,-76.02048,11,p,15,liter,cb7.4,15,09:21:00
,,phytp,odu/pel,c,2016-05-10t00:00:00,bp,36.9957,-76.02048,14.5,p,15,liter,cb7.4,15,09:21:00
,,phytp,odu/pel,c,2016-06-06t00:00:00,bp,36.9957,-76.02048,14.5,p,15,liter,cb7.4,15,09:32:00
,,phytp,odu/pel,c,2016-06-06t00:00:00,ap,36.9957,-76.02048,5,p,15,liter,cb7.4,15,09:32:00
,,phytp,odu/pel,c,2016-07-11t00:00:00,ap,36.9957,-76.02048,1,p,15,liter,cb7.4,15,09:25:00
,,phytp,odu/pel,c,2016-07-11t00:00:00,bp,36.9957,-76.02048,14.5,p,15,liter,cb7.4,15,09:25:00
,,phytp,odu/pel,c,2016-08-08t00:00:00,ap,36.9957,-76.02048,2,p,15,liter,cb7.4,14,09:18:00
,,phytp,odu/pel,c,2016-08-08t00:00:00,bp,36.9957,-76.02048,13.5,p,15,liter,cb7.4,14,09:18:00
,,phytp,odu/pel,c,2016-09-19t00:00:00,ap,36.9957,-76.02048,5,p,15,liter,cb7.4,16,10:13:00
,,phytp,odu/pel,c,2016-09-19t00:00:00,bp,36.9957,-76.02048,15.5,p,15,liter,cb7.4,16,10:13:00
,,phytp,odu/pel,c,2016-10-17t00:00:00,bp,36.9957,-76.02048,13.5,p,15,liter,cb7.4,14,14:18:00
,,phytp,odu/pel,c,2016-10-17t00:00:00,ap,36.9957,-76.02048,4,p,15,liter,cb7.4,14,14:18:00
,,phytp,odu/pel,c,2013-01-28t00:00:00,ap,37.5968,-76.28467,3,m,15,liter,le3.6,10,14:55:00
,,phytp,odu/pel,c,2013-01-28t00:00:00,bp,37.5968,-76.28467,9.5,m,15,liter,le3.6,10,14:55:00
,,phytp,odu/pel,c,2013-02-14t00:00:00,ap,37.5968,-76.28467,3,m,15,liter,le3.6,9,11:54:00
,,phytp,odu/pel,c,2013-02-14t00:00:00,bp,37.5968,-76.28467,8.5,m,15,liter,le3.6,9,11:54:00
,,phytp,odu/pel,c,2013-04-16t00:00:00,ap,37.5968,-76.28467,1,m,15,liter,le3.6,10,12:33:00
,,phytp,odu/pel,c,2013-04-16t00:00:00,bp,37.5968,-76.28467,9.5,m,15,liter,le3.6,10,12:33:00
,,phytp,odu/pel,c,2013-05-17t00:00:00,bp,37.5968,-76.28467,8.5,m,15,liter,le3.6,9,07:13:00
,,phytp,odu/pel,c,2013-05-17t00:00:00,ap,37.5968,-76.28467,5,m,15,liter,le3.6,9,07:13:00
,,phytp,odu/pel,c,2013-06-05t00:00:00,ap,37.5968,-76.28467,3,m,15,liter,le3.6,9,16:55:00
,,phytp,odu/pel,c,2013-06-05t00:00:00,bp,37.5968,-76.28467,8.5,m,15,liter,le3.6,9,16:55:00
,,phytp,odu/pel,c,2013-07-15t00:00:00,ap,37.5968,-76.28467,1,m,15,liter,le3.6,10,16:56:00
,,phytp,odu/pel,c,2013-07-15t00:00:00,bp,37.5968,-76.28467,9.5,m,15,liter,le3.6,10,16:56:00
,,phytp,odu/pel,c,2013-08-12t00:00:00,ap,37.5968,-76.28467,3,m,15,liter,le3.6,8,17:10:00
,,phytp,odu/pel,c,2013-08-12t00:00:00,bp,37.5968,-76.28467,7.5,m,15,liter,le3.6,8,17:10:00
,,phytp,odu/pel,c,2013-09-19t00:00:00,ap,37.5968,-76.28467,3,p,15,liter,le3.6,11,12:05:00
,,phytp,odu/pel,c,2013-09-19t00:00:00,bp,37.5968,-76.28467,10.5,p,15,liter,le3.6,11,12:05:00
,,phytp,odu/pel,c,2013-10-21t00:00:00,ap,37.5968,-76.28467,3,p,15,liter,le3.6,10,16:54:00
,,phytp,odu/pel,c,2013-10-21t00:00:00,bp,37.5968,-76.28467,9.5,p,15,liter,le3.6,10,16:54:00
,,phytp,odu/pel,c,2013-11-14t00:00:00,bp,37.5968,-76.28467,9.5,p,15,liter,le3.6,10,10:31:00
,,phytp,odu/pel,c,2013-11-14t00:00:00,ap,37.5968,-76.28467,3,p,15,liter,le3.6,10,10:31:00
,,phytp,odu/pel,c,2013-12-11t00:00:00,ap,37.5968,-76.28467,3,m,15,liter,le3.6,10,17:21:00
,,phytp,odu/pel,c,2013-12-11t00:00:00,bp,37.5968,-76.28467,9.5,p,15,liter,le3.6,10,17:21:00
,,phytp,odu/pel,c,2014-02-17t00:00:00,ap,37.5968,-76.28467,3,m,15,liter,le3.6,11,18:15:00
,,phytp,odu/pel,c,2014-02-17t00:00:00,bp,37.5968,-76.28467,10.5,m,15,liter,le3.6,11,18:15:00
,,phytp,odu/pel,c,2014-03-20t00:00:00,ap,37.5968,-76.28467,1,m,15,liter,le3.6,9,11:32:00
,,phytp,odu/pel,c,2014-03-20t00:00:00,bp,37.5968,-76.28467,8.5,m,15,liter,le3.6,9,11:32:00
,,phytp,odu/pel,c,2014-04-22t00:00:00,ap,37.5968,-76.28467,3,m,15,liter,le3.6,9,12:02:00
,,phytp,odu/pel,c,2014-04-22t00:00:00,bp,37.5968,-76.28467,8.5,m,15,liter,le3.6,9,12:02:00
,,phytp,odu/pel,c,2014-05-12t00:00:00,bp,37.5968,-76.28467,9.5,m,15,liter,le3.6,10,17:01:00
,,phytp,odu/pel,c,2014-05-12t00:00:00,ap,37.5968,-76.28467,5,m,15,liter,le3.6,10,17:01:00
,,phytp,odu/pel,c,2014-06-02t00:00:00,bp,37.5968,-76.28467,8.5,m,15,liter,le3.6,9,17:08:00
,,phytp,odu/pel,c,2014-06-02t00:00:00,ap,37.5968,-76.28467,3,m,15,liter,le3.6,9,17:08:00
,,phytp,odu/pel,c,2014-07-07t00:00:00,bp,37.5968,-76.28467,8.5,m,15,liter,le3.6,9,16:28:00
,,phytp,odu/pel,c,2014-07-07t00:00:00,ap,37.5968,-76.28467,3,m,15,liter,le3.6,9,16:28:00
,,phytp,odu/pel,c,2014-08-04t00:00:00,ap,37.5968,-76.28467,3,m,15,liter,le3.6,9,17:30:00
,,phytp,odu/pel,c,2014-08-04t00:00:00,bp,37.5968,-76.28467,8.5,m,15,liter,le3.6,9,17:30:00
,,phytp,odu/pel,c,2014-09-16t00:00:00,ap,37.5968,-76.28467,3,m,15,liter,le3.6,9,12:12:00
,,phytp,odu/pel,c,2014-09-16t00:00:00,bp,37.5968,-76.28467,8.5,m,15,liter,le3.6,9,12:12:00
,,phytp,odu/pel,c,2014-10-20t00:00:00,ap,37.5968,-76.28467,3,p,15,liter,le3.6,9,15:35:00
,,phytp,odu/pel,c,2014-10-20t00:00:00,bp,37.5968,-76.28467,8.5,p,15,liter,le3.6,9,15:35:00
,,phytp,odu/pel,c,2014-12-15t00:00:00,bp,37.5968,-76.28467,9.5,p,15,liter,le3.6,10,16:02:00
,,phytp,odu/pel,c,2014-12-15t00:00:00,ap,37.5968,-76.28467,1,p,15,liter,le3.6,10,16:02:00
,,phytp,odu/pel,c,2015-01-16t00:00:00,ap,37.5968,-76.28467,3,m,15,liter,le3.6,9,10:38:00
,,phytp,odu/pel,c,2015-01-16t00:00:00,bp,37.5968,-76.28467,8.5,p,15,liter,le3.6,9,10:38:00
,,phytp,odu/pel,c,2015-03-12t00:00:00,ap,37.5968,-76.28467,3,m,15,liter,le3.6,9,15:53:00
,,phytp,odu/pel,c,2015-03-12t00:00:00,bp,37.5968,-76.28467,8.5,m,15,liter,le3.6,9,15:53:00
,,phytp,odu/pel,c,2015-04-07t00:00:00,ap,37.5968,-76.28467,1,m,15,liter,le3.6,9,12:38:00
,,phytp,odu/pel,c,2015-04-07t00:00:00,bp,37.5968,-76.28467,8.5,m,15,liter,le3.6,9,12:38:00
,,phytp,odu/pel,c,2015-05-06t00:00:00,bp,37.5968,-76.28467,8.5,m,15,liter,le3.6,9,17:58:00
,,phytp,odu/pel,c,2015-05-06t00:00:00,ap,37.5968,-76.28467,3,m,15,liter,le3.6,9,17:58:00
,,phytp,odu/pel,c,2015-06-02t00:00:00,bp,37.5968,-76.28467,8.5,m,15,liter,le3.6,9,07:33:00
,,phytp,odu/pel,c,2015-06-02t00:00:00,ap,37.5968,-76.28467,4,m,15,liter,le3.6,9,07:33:00
,,phytp,odu/pel,c,2015-07-07t00:00:00,ap,37.5968,-76.28467,3,m,15,liter,le3.6,9,07:24:00
,,phytp,odu/pel,c,2015-07-07t00:00:00,bp,37.5968,-76.28467,8.5,m,15,liter,le3.6,9,07:24:00
,,phytp,odu/pel,c,2015-08-03t00:00:00,bp,37.5968,-76.28467,9.5,m,15,liter,le3.6,10,15:53:00
,,phytp,odu/pel,c,2015-08-03t00:00:00,ap,37.5968,-76.28467,3,m,15,liter,le3.6,10,15:53:00
,,phytp,odu/pel,c,2015-10-20t00:00:00,ap,37.5968,-76.28467,4,m,15,liter,le3.6,10,16:48:00
,,phytp,odu/pel,c,2015-10-20t00:00:00,bp,37.5968,-76.28467,9.5,p,15,liter,le3.6,10,16:48:00
,,phytp,odu/pel,c,2015-11-16t00:00:00,bp,37.5968,-76.28467,9.5,p,15,liter,le3.6,10,11:55:00
,,phytp,odu/pel,c,2015-11-16t00:00:00,ap,37.5968,-76.28467,3,p,15,liter,le3.6,10,11:55:00
,,phytp,odu/pel,c,2015-12-15t00:00:00,ap,37.5968,-76.28467,2,p,15,liter,le3.6,9,15:26:00
,,phytp,odu/pel,c,2015-12-15t00:00:00,bp,37.5968,-76.28467,8.5,p,15,liter,le3.6,9,15:26:00
,,phytp,odu/pel,c,2016-01-12t00:00:00,ap,37.5968,-76.28467,7,m,15,liter,le3.6,10,10:18:00
,,phytp,odu/pel,c,2016-01-12t00:00:00,bp,37.5968,-76.28467,9.5,m,15,liter,le3.6,10,10:18:00
,,phytp,odu/pel,c,2016-02-17t00:00:00,bp,37.5968,-76.28467,9.5,m,15,liter,le3.6,10,15:48:00
,,phytp,odu/pel,c,2016-02-17t00:00:00,ap,37.5968,-76.28467,2,m,15,liter,le3.6,10,15:48:00
,,phytp,odu/pel,c,2016-03-16t00:00:00,ap,37.5968,-76.28467,3,m,15,liter,le3.6,10,09:00:00
,,phytp,odu/pel,c,2016-03-16t00:00:00,bp,37.5968,-76.28467,9.5,m,15,liter,le3.6,10,09:00:00
,,phytp,odu/pel,c,2016-04-28t00:00:00,bp,37.5968,-76.28467,9.5,m,15,liter,le3.6,10,11:31:00
,,phytp,odu/pel,c,2016-04-28t00:00:00,ap,37.5968,-76.28467,7,m,15,liter,le3.6,10,11:31:00
,,phytp,odu/pel,c,2016-05-20t00:00:00,ap,37.5968,-76.28467,3,m,15,liter,le3.6,9,11:27:00
,,phytp,odu/pel,c,2016-05-20t00:00:00,bp,37.5968,-76.28467,8.5,m,15,liter,le3.6,9,11:27:00
,,phytp,odu/pel,c,2016-06-07t00:00:00,ap,37.5968,-76.28467,1,m,15,liter,le3.6,9,11:56:00
,,phytp,odu/pel,c,2016-06-07t00:00:00,bp,37.5968,-76.28467,8.5,p,15,liter,le3.6,9,11:56:00
,,phytp,odu/pel,c,2016-07-11t00:00:00,ap,37.5968,-76.28467,6,p,15,liter,le3.6,9,16:05:00
,,phytp,odu/pel,c,2016-07-11t00:00:00,bp,37.5968,-76.28467,8.5,p,15,liter,le3.6,9,16:05:00
,,phytp,odu/pel,c,2016-08-08t00:00:00,ap,37.5968,-76.28467,6,p,15,liter,le3.6,9,16:09:00
,,phytp,odu/pel,c,2016-08-08t00:00:00,bp,37.5968,-76.28467,8.5,p,15,liter,le3.6,9,16:09:00
,,phytp,odu/pel,c,2016-09-27t00:00:00,ap,37.5968,-76.28467,3,p,15,liter,le3.6,9,12:56:00
,,phytp,odu/pel,c,2016-09-27t00:00:00,bp,37.5968,-76.28467,8.5,p,15,liter,le3.6,9,12:56:00
,,phytp,odu/pel,c,2016-10-19t00:00:00,ap,37.5968,-76.28467,3,p,15,liter,le3.6,9,08:46:00
,,phytp,odu/pel,c,2016-10-19t00:00:00,bp,37.5968,-76.28467,8.5,p,15,liter,le3.6,9,08:46:00
,,phytp,odu/pel,c,2016-11-15t00:00:00,ap,37.5968,-76.28467,3,p,15,liter,le3.6,9,14:59:00
,,phytp,odu/pel,c,2016-11-15t00:00:00,bp,37.5968,-76.28467,8.5,p,15,liter,le3.6,9,14:59:00
,,phytp,odu/pel,c,2016-12-13t00:00:00,bp,37.5968,-76.28467,8.5,p,15,liter,le3.6,9,14:36:00
,,phytp,odu/pel,c,2016-12-13t00:00:00,ap,37.5968,-76.28467,3,p,15,liter,le3.6,9,14:36:00
,,phytp,odu/pel,c,2015-07-07t00:00:00,ap,37.056,-76.59306,3,n,15,liter,le5.2,9,10:11:00
,,phytp,odu/pel,c,2015-08-13t00:00:00,ap,37.056,-76.59306,6,n,15,liter,le5.2,9,09:50:00
,,phytp,odu/pel,c,2015-09-02t00:00:00,ap,37.056,-76.59306,5,n,15,liter,le5.2,10,10:10:00
,,phytp,odu/pel,c,2016-03-01t00:00:00,ap,37.056,-76.59306,2,n,15,liter,le5.2,8,09:00:00
,,phytp,odu/pel,c,2016-05-19t00:00:00,ap,37.056,-76.59306,2,n,15,liter,le5.2,9,09:40:00
,,phytp,odu/pel,c,2016-06-09t00:00:00,ap,37.056,-76.59306,2,n,15,liter,le5.2,10,09:40:00
,,phytp,odu/pel,c,2016-07-06t00:00:00,ap,37.056,-76.59306,3,n,15,liter,le5.2,10,09:40:00
,,phytp,odu/pel,c,2016-08-02t00:00:00,ap,37.056,-76.59306,6,n,15,liter,le5.2,10,10:00:00
,,phytp,odu/pel,c,2016-09-07t00:00:00,ap,37.056,-76.59306,9,n,15,liter,le5.2,10,09:30:00
,,phytp,odu/pel,c,2016-10-11t00:00:00,ap,37.056,-76.59306,6,n,15,liter,le5.2,9,09:40:00
,,phytp,odu/pel,c,2015-07-07t00:00:00,ap,36.95486,-76.39275,2,n,15,liter,le5.4,16,08:50:00
,,phytp,odu/pel,c,2015-08-13t00:00:00,ap,36.95486,-76.39275,3,n,15,liter,le5.4,18,08:30:00
,,phytp,odu/pel,c,2015-09-02t00:00:00,ap,36.95486,-76.39275,4,n,15,liter,le5.4,17,08:45:00
,,phytp,odu/pel,c,2015-10-07t00:00:00,ap,36.95486,-76.39275,6,n,15,liter,le5.4,14,08:20:00
,,phytp,odu/pel,c,2016-03-01t00:00:00,ap,36.95486,-76.39275,4,n,15,liter,le5.4,17,08:00:00
,,phytp,odu/pel,c,2016-05-19t00:00:00,ap,36.95486,-76.39275,5,n,15,liter,le5.4,17,08:15:00
,,phytp,odu/pel,c,2016-06-09t00:00:00,ap,36.95486,-76.39275,3,n,15,liter,le5.4,16,08:15:00
,,phytp,odu/pel,c,2016-07-06t00:00:00,ap,36.95486,-76.39275,4,n,15,liter,le5.4,17,08:15:00
,,phytp,odu/pel,c,2016-08-02t00:00:00,ap,36.95486,-76.39275,4,n,15,liter,le5.4,15,08:40:00
,,phytp,odu/pel,c,2016-09-07t00:00:00,ap,36.95486,-76.39275,5,n,15,liter,le5.4,17,08:15:00
,,phytp,odu/pel,c,2016-10-11t00:00:00,ap,36.95486,-76.39275,3,n,15,liter,le5.4,17,08:30:00
,,phytp,odu/pel,c,2013-01-16t00:00:00,ap,36.99903,-76.31328,2,p,15,liter,le5.5-w,7,16:55:00
,,phytp,odu/pel,c,2013-01-16t00:00:00,bp,36.99903,-76.31328,6.5,p,15,liter,le5.5-w,7,16:55:00
,,phytp,odu/pel,c,2013-02-15t00:00:00,ap,36.99903,-76.31328,2,m,15,liter,le5.5-w,6,09:27:00
,,phytp,odu/pel,c,2013-02-15t00:00:00,bp,36.99903,-76.31328,5.5,m,15,liter,le5.5-w,6,09:27:00
,,phytp,odu/pel,c,2013-03-20t00:00:00,bp,36.99903,-76.31328,5.5,m,15,liter,le5.5-w,6,16:37:00
,,phytp,odu/pel,c,2013-03-20t00:00:00,ap,36.99903,-76.31328,1,m,15,liter,le5.5-w,6,16:37:00
,,phytp,odu/pel,c,2013-04-17t00:00:00,bp,36.99903,-76.31328,7.5,p,15,liter,le5.5-w,8,09:39:00
,,phytp,odu/pel,c,2013-04-17t00:00:00,ap,36.99903,-76.31328,2,m,15,liter,le5.5-w,8,09:39:00
,,phytp,odu/pel,c,2013-05-14t00:00:00,ap,36.99903,-76.31328,3,m,15,liter,le5.5-w,7,17:05:00
,,phytp,odu/pel,c,2013-05-14t00:00:00,bp,36.99903,-76.31328,6.5,m,15,liter,le5.5-w,7,17:05:00
,,phytp,odu/pel,c,2013-06-03t00:00:00,ap,36.99903,-76.31328,2,p,15,liter,le5.5-w,6,13:10:00
,,phytp,odu/pel,c,2013-06-03t00:00:00,bp,36.99903,-76.31328,5.5,p,15,liter,le5.5-w,6,13:10:00
,,phytp,odu/pel,c,2013-07-18t00:00:00,ap,36.99903,-76.31328,4,m,15,liter,le5.5-w,7,11:48:00
,,phytp,odu/pel,c,2013-07-18t00:00:00,bp,36.99903,-76.31328,6.5,p,15,liter,le5.5-w,7,11:48:00
,,phytp,odu/pel,c,2013-08-13t00:00:00,ap,36.99903,-76.31328,6,p,15,liter,le5.5-w,14,17:30:00
,,phytp,odu/pel,c,2013-08-13t00:00:00,bp,36.99903,-76.31328,13.5,p,15,liter,le5.5-w,14,17:30:00
,,phytp,odu/pel,c,2013-09-20t00:00:00,bp,36.99903,-76.31328,11.5,p,15,liter,le5.5-w,12,12:57:00
,,phytp,odu/pel,c,2013-09-20t00:00:00,ap,36.99903,-76.31328,4,p,15,liter,le5.5-w,12,12:57:00
,,phytp,odu/pel,c,2013-10-23t00:00:00,ap,36.99903,-76.31328,4,p,15,liter,le5.5-w,10,09:18:00
,,phytp,odu/pel,c,2013-10-23t00:00:00,bp,36.99903,-76.31328,9.5,p,15,liter,le5.5-w,10,09:18:00
,,phytp,odu/pel,c,2013-11-11t00:00:00,bp,36.99903,-76.31328,8.5,p,15,liter,le5.5-w,9,16:15:00
,,phytp,odu/pel,c,2013-11-11t00:00:00,ap,36.99903,-76.31328,3,p,15,liter,le5.5-w,9,16:15:00
,,phytp,odu/pel,c,2013-12-12t00:00:00,ap,36.99903,-76.31328,4,p,15,liter,le5.5-w,12,12:09:00
,,phytp,odu/pel,c,2013-12-12t00:00:00,bp,36.99903,-76.31328,4,p,15,liter,le5.5-w,12,12:09:00
,,phytp,odu/pel,c,2014-02-17t00:00:00,bp,36.99903,-76.31328,8.5,p,15,liter,le5.5-w,9,13:13:00
,,phytp,odu/pel,c,2014-02-17t00:00:00,ap,36.99903,-76.31328,1,m,15,liter,le5.5-w,9,13:13:00
,,phytp,odu/pel,c,2014-03-21t00:00:00,bp,36.99903,-76.31328,9.5,p,15,liter,le5.5-w,10,12:03:00
,,phytp,odu/pel,c,2014-03-21t00:00:00,ap,36.99903,-76.31328,4,p,15,liter,le5.5-w,10,12:03:00
,,phytp,odu/pel,c,2014-04-14t00:00:00,bp,36.99903,-76.31328,5.5,m,15,liter,le5.5-w,6,16:15:00
,,phytp,odu/pel,c,2014-04-14t00:00:00,ap,36.99903,-76.31328,1,m,15,liter,le5.5-w,6,16:15:00
,,phytp,odu/pel,c,2014-05-14t00:00:00,ap,36.99903,-76.31328,5,m,15,liter,le5.5-w,8,12:26:00
,,phytp,odu/pel,c,2014-05-14t00:00:00,bp,36.99903,-76.31328,7.5,p,15,liter,le5.5-w,8,12:26:00
,,phytp,odu/pel,c,2014-06-04t00:00:00,ap,36.99903,-76.31328,2,m,15,liter,le5.5-w,7,10:33:00
,,phytp,odu/pel,c,2014-06-04t00:00:00,bp,36.99903,-76.31328,6.5,m,15,liter,le5.5-w,7,10:33:00
,,phytp,odu/pel,c,2014-07-10t00:00:00,ap,36.99903,-76.31328,3,p,15,liter,le5.5-w,10,12:42:00
,,phytp,odu/pel,c,2014-07-10t00:00:00,bp,36.99903,-76.31328,9.5,p,15,liter,le5.5-w,10,12:42:00
,,phytp,odu/pel,c,2014-08-06t00:00:00,ap,36.99903,-76.31328,3,p,15,liter,le5.5-w,9,10:58:00
,,phytp,odu/pel,c,2014-08-06t00:00:00,bp,36.99903,-76.31328,8.5,p,15,liter,le5.5-w,9,10:58:00
,,phytp,odu/pel,c,2014-09-17t00:00:00,ap,36.99903,-76.31328,5,p,15,liter,le5.5-w,8,11:57:00
,,phytp,odu/pel,c,2014-09-17t00:00:00,bp,36.99903,-76.31328,7.5,p,15,liter,le5.5-w,8,11:57:00
,,phytp,odu/pel,c,2014-10-22t00:00:00,ap,36.99903,-76.31328,4,p,15,liter,le5.5-w,14,10:10:00
,,phytp,odu/pel,c,2014-10-22t00:00:00,bp,36.99903,-76.31328,13.5,p,15,liter,le5.5-w,14,10:10:00
,,phytp,odu/pel,c,2014-11-25t00:00:00,ap,36.99903,-76.31328,2,p,15,liter,le5.5-w,7,15:52:00
,,phytp,odu/pel,c,2014-11-25t00:00:00,bp,36.99903,-76.31328,6.5,p,15,liter,le5.5-w,7,15:52:00
,,phytp,odu/pel,c,2014-12-17t00:00:00,ap,36.99903,-76.31328,2,p,15,liter,le5.5-w,7,12:52:00
,,phytp,odu/pel,c,2014-12-17t00:00:00,bp,36.99903,-76.31328,6.5,p,15,liter,le5.5-w,7,12:52:00
,,phytp,odu/pel,c,2015-01-12t00:00:00,bp,36.99903,-76.31328,5.5,p,15,liter,le5.5-w,6,16:12:00
,,phytp,odu/pel,c,2015-01-12t00:00:00,ap,36.99903,-76.31328,2,p,15,liter,le5.5-w,6,16:12:00
,,phytp,odu/pel,c,2015-03-09t00:00:00,ap,36.99903,-76.31328,3,p,15,liter,le5.5-w,6,16:54:00
,,phytp,odu/pel,c,2015-03-09t00:00:00,bp,36.99903,-76.31328,5.5,p,15,liter,le5.5-w,6,16:54:00
,,phytp,odu/pel,c,2015-04-08t00:00:00,ap,36.99903,-76.31328,3,p,15,liter,le5.5-w,6,10:11:00
,,phytp,odu/pel,c,2015-04-08t00:00:00,bp,36.99903,-76.31328,5.5,p,15,liter,le5.5-w,6,10:11:00
,,phytp,odu/pel,c,2015-05-07t00:00:00,bp,36.99903,-76.31328,7.5,p,15,liter,le5.5-w,8,12:20:00
,,phytp,odu/pel,c,2015-05-07t00:00:00,ap,36.99903,-76.31328,2,p,15,liter,le5.5-w,8,12:20:00
,,phytp,odu/pel,c,2015-06-05t00:00:00,ap,36.99903,-76.31328,2,p,15,liter,le5.5-w,8,10:46:00
,,phytp,odu/pel,c,2015-06-05t00:00:00,bp,36.99903,-76.31328,7.5,p,15,liter,le5.5-w,8,10:46:00
,,phytp,odu/pel,c,2015-07-08t00:00:00,ap,36.99903,-76.31328,2,p,15,liter,le5.5-w,8,13:16:00
,,phytp,odu/pel,c,2015-08-06t00:00:00,ap,36.99903,-76.31328,2,p,15,liter,le5.5-w,6,11:26:00
,,phytp,odu/pel,c,2015-09-29t00:00:00,ap,36.99903,-76.31328,3,p,15,liter,le5.5-w,11,09:18:00
,,phytp,odu/pel,c,2015-10-22t00:00:00,ap,36.99903,-76.31328,1,p,15,liter,le5.5-w,11,10:07:00
,,phytp,odu/pel,c,2016-03-14t00:00:00,ap,36.99903,-76.31328,2,p,15,liter,le5.5-w,7,12:55:00
,,phytp,odu/pel,c,2016-04-18t00:00:00,ap,36.99903,-76.31328,10,p,15,liter,le5.5-w,13,10:22:00
,,phytp,odu/pel,c,2016-05-10t00:00:00,ap,36.99903,-76.31328,2,m,15,liter,le5.5-w,8,16:35:00
,,phytp,odu/pel,c,2016-06-08t00:00:00,ap,36.99903,-76.31328,3,m,15,liter,le5.5-w,9,09:24:00
,,phytp,odu/pel,c,2016-07-13t00:00:00,ap,36.99903,-76.31328,3,p,15,liter,le5.5-w,7,10:38:00
,,phytp,odu/pel,c,2016-08-10t00:00:00,ap,36.99903,-76.31328,2,p,15,liter,le5.5-w,8,12:15:00
,,phytp,odu/pel,c,2016-09-20t00:00:00,ap,36.99903,-76.31328,4,p,15,liter,le5.5-w,12,08:46:00
,,phytp,odu/pel,c,2016-10-17t00:00:00,ap,36.99903,-76.31328,5,p,15,liter,le5.5-w,11,12:16:00
,,phytp,odu/pel,c,2016-11-17t00:00:00,ap,36.99903,-76.31328,3,p,15,liter,le5.5-w,9,09:20:00
,,phytp,odu/pel,c,2016-12-14t00:00:00,ap,36.99903,-76.31328,3,p,15,liter,le5.5-w,10,13:18:00
,,phytp,odu/pel,c,2013-03-27t00:00:00,ap,37.9173,-76.8222,1,n,15,liter,ret3.1,5,15:00:00
,,phytp,odu/pel,c,2013-04-09t00:00:00,ap,37.9173,-76.8222,1,n,15,liter,ret3.1,7,14:30:00
,,phytp,odu/pel,c,2013-05-14t00:00:00,ap,37.9173,-76.8222,1,n,15,liter,ret3.1,6,13:20:00
,,phytp,odu/pel,c,2013-06-11t00:00:00,ap,37.9173,-76.8222,1,n,15,liter,ret3.1,6,09:55:00
,,phytp,odu/pel,c,2013-07-09t00:00:00,ap,37.9173,-76.8222,1,n,15,liter,ret3.1,8,14:00:00
,,phytp,odu/pel,c,2013-08-13t00:00:00,ap,37.9173,-76.8222,1,n,15,liter,ret3.1,6,14:40:00
,,phytp,odu/pel,c,2013-09-10t00:00:00,ap,37.9173,-76.8222,1,n,15,liter,ret3.1,7,13:50:00
,,phytp,odu/pel,c,2013-10-22t00:00:00,ap,37.9173,-76.8222,2,n,15,liter,ret3.1,7,14:30:00
,,phytp,odu/pel,c,2014-03-11t00:00:00,ap,37.9173,-76.8222,1,n,15,liter,ret3.1,5,15:00:00
,,phytp,odu/pel,c,2014-04-08t00:00:00,ap,37.9173,-76.8222,1,n,15,liter,ret3.1,7,10:50:00
,,phytp,odu/pel,c,2014-05-13t00:00:00,ap,37.9173,-76.8222,1,n,15,liter,ret3.1,6,14:10:00
,,phytp,odu/pel,c,2014-06-10t00:00:00,ap,37.9173,-76.8222,1,n,15,liter,ret3.1,7,13:30:00
,,phytp,odu/pel,c,2014-07-08t00:00:00,ap,37.9173,-76.8222,1.5,n,15,liter,ret3.1,5,14:00:00
,,phytp,odu/pel,c,2014-08-14t00:00:00,ap,37.9173,-76.8222,1.5,n,15,liter,ret3.1,7,14:00:00
,,phytp,odu/pel,c,2014-09-17t00:00:00,ap,37.9173,-76.8222,1.5,,15,liter,ret3.1,6,14:15:00
,,phytp,odu/pel,c,2014-10-30t00:00:00,ap,37.9173,-76.8222,1.5,n,15,liter,ret3.1,6,14:45:00
,,phytp,odu/pel,c,2015-03-19t00:00:00,ap,37.9173,-76.8222,2,n,15,liter,ret3.1,6,14:20:00
,,phytp,odu/pel,c,2015-05-12t00:00:00,ap,37.9173,-76.8222,1,n,15,liter,ret3.1,6,13:45:00
,,phytp,odu/pel,c,2015-06-09t00:00:00,ap,37.9173,-76.8222,1,n,15,liter,ret3.1,6,14:45:00
,,phytp,odu/pel,c,2015-07-14t00:00:00,ap,37.9173,-76.8222,2,n,15,liter,ret3.1,7,14:15:00
,,phytp,odu/pel,c,2015-09-09t00:00:00,ap,37.9173,-76.8222,2,n,15,liter,ret3.1,8,14:25:00
,,phytp,odu/pel,c,2015-10-15t00:00:00,ap,37.9173,-76.8222,1,n,15,liter,ret3.1,4,14:00:00
,,phytp,odu/pel,c,2016-03-17t00:00:00,ap,37.9173,-76.8222,1,n,15,liter,ret3.1,6,13:15:00
,,phytp,odu/pel,c,2016-04-21t00:00:00,ap,37.9173,-76.8222,1,n,15,liter,ret3.1,6,13:10:00
,,phytp,odu/pel,c,2016-05-10t00:00:00,ap,37.9173,-76.8222,1,n,15,liter,ret3.1,6,12:40:00
,,phytp,odu/pel,c,2016-06-15t00:00:00,ap,37.9173,-76.8222,1,n,15,liter,ret3.1,6,12:50:00
,,phytp,odu/pel,c,2016-07-21t00:00:00,ap,37.9173,-76.8222,1,n,15,liter,ret3.1,6,13:05:00
,,phytp,odu/pel,c,2016-08-09t00:00:00,ap,37.9173,-76.8222,1,n,15,liter,ret3.1,6,13:00:00
,,phytp,odu/pel,c,2016-09-13t00:00:00,ap,37.9173,-76.8222,1,n,15,liter,ret3.1,5,13:10:00
,,phytp,odu/pel,c,2016-10-12t00:00:00,ap,37.9173,-76.8222,1,n,15,liter,ret3.1,4,13:20:00
,,phytp,odu/pel,c,2013-04-16t00:00:00,ap,37.50869,-76.78889,2,n,15,liter,ret4.3,6,10:00:00
,,phytp,odu/pel,c,2013-05-21t00:00:00,ap,37.50869,-76.78889,1,n,15,liter,ret4.3,11,09:45:00
,,phytp,odu/pel,c,2013-06-18t00:00:00,ap,37.50869,-76.78889,1,n,15,liter,ret4.3,11,11:20:00
,,phytp,odu/pel,c,2013-07-16t00:00:00,ap,37.50869,-76.78889,1,n,15,liter,ret4.3,6,10:45:00
,,phytp,odu/pel,c,2013-08-20t00:00:00,ap,37.50869,-76.78889,2,n,15,liter,ret4.3,7,10:45:00
,,phytp,odu/pel,c,2013-09-19t00:00:00,ap,37.50869,-76.78889,2,n,15,liter,ret4.3,7,10:30:00
,,phytp,odu/pel,c,2013-10-16t00:00:00,ap,37.50869,-76.78889,2,n,15,liter,ret4.3,7,10:35:00
,,phytp,odu/pel,c,2014-04-22t00:00:00,ap,37.50869,-76.78889,1,n,15,liter,ret4.3,6,10:15:00
,,phytp,odu/pel,c,2014-05-20t00:00:00,ap,37.50869,-76.78889,1,n,15,liter,ret4.3,6,10:50:00
,,phytp,odu/pel,c,2014-06-17t00:00:00,ap,37.50869,-76.78889,2,n,15,liter,ret4.3,6,10:20:00
,,phytp,odu/pel,c,2014-07-17t00:00:00,ap,37.50869,-76.78889,1,n,15,liter,ret4.3,6,10:20:00
,,phytp,odu/pel,c,2014-08-28t00:00:00,ap,37.50869,-76.78889,2,n,15,liter,ret4.3,7,10:50:00
,,phytp,odu/pel,c,2014-09-16t00:00:00,ap,37.50869,-76.78889,2,n,15,liter,ret4.3,7,10:30:00
,,phytp,odu/pel,c,2014-10-21t00:00:00,ap,37.50869,-76.78889,2,n,15,liter,ret4.3,7,10:50:00
,,phytp,odu/pel,c,2015-03-24t00:00:00,ap,37.50869,-76.78889,1,n,15,liter,ret4.3,6,10:30:00
,,phytp,odu/pel,c,2015-04-29t00:00:00,ap,37.50869,-76.78889,2,n,15,liter,ret4.3,7,10:10:00
,,phytp,odu/pel,c,2015-05-13t00:00:00,ap,37.50869,-76.78889,1,n,15,liter,ret4.3,6,10:20:00
,,phytp,odu/pel,c,2015-06-17t00:00:00,ap,37.50869,-76.78889,2,n,15,liter,ret4.3,7,10:40:00
,,phytp,odu/pel,c,2015-07-21t00:00:00,ap,37.50869,-76.78889,2,n,15,liter,ret4.3,7,11:05:00
,,phytp,odu/pel,c,2015-08-18t00:00:00,ap,37.50869,-76.78889,2,n,15,liter,ret4.3,7,10:30:00
,,phytp,odu/pel,c,2015-09-15t00:00:00,ap,37.50869,-76.78889,2,n,15,liter,ret4.3,7,10:15:00
,,phytp,odu/pel,c,2015-10-20t00:00:00,ap,37.50869,-76.78889,3,n,15,liter,ret4.3,7,11:15:00
,,phytp,odu/pel,c,2016-03-16t00:00:00,ap,37.50869,-76.78889,1,n,15,liter,ret4.3,7,10:15:00
,,phytp,odu/pel,c,2016-04-27t00:00:00,ap,37.50869,-76.78889,2,n,15,liter,ret4.3,6,10:30:00
,,phytp,odu/pel,c,2016-05-25t00:00:00,ap,37.50869,-76.78889,1,n,15,liter,ret4.3,9,10:05:00
,,phytp,odu/pel,c,2016-06-22t00:00:00,ap,37.50869,-76.78889,2,n,15,liter,ret4.3,9,10:15:00
,,phytp,odu/pel,c,2016-07-19t00:00:00,ap,37.50869,-76.78889,2,n,15,liter,ret4.3,7,10:20:00
,,phytp,odu/pel,c,2016-08-16t00:00:00,ap,37.50869,-76.78889,2,n,15,liter,ret4.3,7,10:40:00
,,phytp,odu/pel,c,2016-10-18t00:00:00,ap,37.50869,-76.78889,2,n,15,liter,ret4.3,7,10:30:00
,,phytp,odu/pel,c,2013-03-20t00:00:00,ap,37.20294,-76.78219,2,n,15,liter,ret5.2,12,10:45:00
,,phytp,odu/pel,c,2013-04-02t00:00:00,ap,37.20294,-76.78219,3,n,15,liter,ret5.2,4,10:10:00
,,phytp,odu/pel,c,2013-05-09t00:00:00,ap,37.20294,-76.78219,3,n,15,liter,ret5.2,5,10:30:00
,,phytp,odu/pel,c,2013-06-06t00:00:00,ap,37.20294,-76.78219,2,n,15,liter,ret5.2,5,10:20:00
,,phytp,odu/pel,c,2013-07-15t00:00:00,ap,37.20294,-76.78219,2,n,15,liter,ret5.2,11,11:25:00
,,phytp,odu/pel,c,2013-08-15t00:00:00,ap,37.20294,-76.78219,2,n,15,liter,ret5.2,10,10:40:00
,,phytp,odu/pel,c,2013-09-04t00:00:00,ap,37.20294,-76.78219,2,n,15,liter,ret5.2,12,10:40:00
,,phytp,odu/pel,c,2013-10-01t00:00:00,ap,37.20294,-76.78219,3,n,15,liter,ret5.2,11,10:30:00
,,phytp,odu/pel,c,2014-03-19t00:00:00,ap,37.20294,-76.78219,1,n,15,liter,ret5.2,11,10:50:00
,,phytp,odu/pel,c,2014-04-01t00:00:00,ap,37.20294,-76.78219,2,n,15,liter,ret5.2,11,10:25:00
,,phytp,odu/pel,c,2014-05-06t00:00:00,ap,37.20294,-76.78219,2,n,15,liter,ret5.2,10,10:55:00
,,phytp,odu/pel,c,2014-06-03t00:00:00,ap,37.20294,-76.78219,1,n,15,liter,ret5.2,10,11:00:00
,,phytp,odu/pel,c,2014-07-01t00:00:00,ap,37.20294,-76.78219,1,n,15,liter,ret5.2,10,10:00:00
,,phytp,odu/pel,c,2014-08-05t00:00:00,ap,37.20294,-76.78219,2,n,15,liter,ret5.2,10,11:10:00
,,phytp,odu/pel,c,2014-09-03t00:00:00,ap,37.20294,-76.78219,1.5,n,15,liter,ret5.2,11,10:45:00
,,phytp,odu/pel,c,2014-10-07t00:00:00,ap,37.20294,-76.78219,1.5,n,15,liter,ret5.2,12,10:50:00
,,phytp,odu/pel,c,2015-03-03t00:00:00,ap,37.20294,-76.78219,2,n,15,liter,ret5.2,12,10:25:00
,,phytp,odu/pel,c,2015-04-16t00:00:00,ap,37.20294,-76.78219,1,n,15,liter,ret5.2,11,10:30:00
,,phytp,odu/pel,c,2015-05-06t00:00:00,ap,37.20294,-76.78219,2,n,15,liter,ret5.2,10,10:20:00
,,phytp,odu/pel,c,2015-06-02t00:00:00,ap,37.20294,-76.78219,2,n,15,liter,ret5.2,11,10:00:00
,,phytp,odu/pel,c,2015-07-07t00:00:00,ap,37.20294,-76.78219,1,n,15,liter,ret5.2,10,11:30:00
,,phytp,odu/pel,c,2015-08-13t00:00:00,ap,37.20294,-76.78219,1,n,15,liter,ret5.2,11,11:00:00
,,phytp,odu/pel,c,2015-09-02t00:00:00,ap,37.20294,-76.78219,2,n,15,liter,ret5.2,11,11:15:00
,,phytp,odu/pel,c,2016-03-01t00:00:00,ap,37.20294,-76.78219,1,n,15,liter,ret5.2,10,10:15:00
,,phytp,odu/pel,c,2016-05-19t00:00:00,ap,37.20294,-76.78219,2,n,15,liter,ret5.2,8,10:45:00
,,phytp,odu/pel,c,2016-06-09t00:00:00,ap,37.20294,-76.78219,2,n,15,liter,ret5.2,11,11:00:00
,,phytp,odu/pel,c,2016-07-06t00:00:00,ap,37.20294,-76.78219,1,n,15,liter,ret5.2,11,11:00:00
,,phytp,odu/pel,c,2016-08-02t00:00:00,ap,37.20294,-76.78219,2,n,15,liter,ret5.2,10,11:00:00
,,phytp,odu/pel,c,2016-10-11t00:00:00,ap,37.20294,-76.78219,2,n,15,liter,ret5.2,10,10:45:00
,,phytp,odu/pel,c,2013-03-13t00:00:00,ap,36.76987,-76.29605,1,n,15,liter,sbe5,8,15:30:00
,,phytp,odu/pel,c,2013-04-10t00:00:00,ap,36.76987,-76.29605,1,n,15,liter,sbe5,9,15:00:00
,,phytp,odu/pel,c,2013-05-16t00:00:00,ap,36.76987,-76.29605,1,n,15,liter,sbe5,8,13:50:00
,,phytp,odu/pel,c,2013-06-12t00:00:00,ap,36.76987,-76.29605,2,n,15,liter,sbe5,8,11:50:00
,,phytp,odu/pel,c,2013-07-10t00:00:00,ap,36.76987,-76.29605,3,n,15,liter,sbe5,7,10:45:00
,,phytp,odu/pel,c,2013-08-08t00:00:00,ap,36.76987,-76.29605,2,n,15,liter,sbe5,7,11:10:00
,,phytp,odu/pel,c,2013-09-11t00:00:00,ap,36.76987,-76.29605,1,n,15,liter,sbe5,3,10:45:00
,,phytp,odu/pel,c,2013-10-30t00:00:00,ap,36.76987,-76.29605,3,n,15,liter,sbe5,4,10:30:00
,,phytp,odu/pel,c,2014-03-12t00:00:00,ap,36.76987,-76.29605,2,n,15,liter,sbe5,6,10:15:00
,,phytp,odu/pel,c,2014-04-09t00:00:00,ap,36.76987,-76.29605,2,n,15,liter,sbe5,7,11:00:00
,,phytp,odu/pel,c,2014-05-14t00:00:00,ap,36.76987,-76.29605,2,n,15,liter,sbe5,6,10:30:00
,,phytp,odu/pel,c,2014-06-12t00:00:00,ap,36.76987,-76.29605,2,n,15,liter,sbe5,5,09:45:00
,,phytp,odu/pel,c,2014-07-09t00:00:00,ap,36.76987,-76.29605,2,n,15,liter,sbe5,7,11:45:00
,,phytp,odu/pel,c,2014-08-13t00:00:00,ap,36.76987,-76.29605,3,n,15,liter,sbe5,9,11:00:00
,,phytp,odu/pel,c,2014-09-10t00:00:00,ap,36.76987,-76.29605,2.5,n,15,liter,sbe5,5,11:00:00
,,phytp,odu/pel,c,2014-10-29t00:00:00,ap,36.76987,-76.29605,4,n,15,liter,sbe5,4,10:20:00
,,phytp,odu/pel,c,2015-03-19t00:00:00,ap,36.76987,-76.29605,2,n,15,liter,sbe5,4,11:45:00
,,phytp,odu/pel,c,2015-05-20t00:00:00,ap,36.76987,-76.29605,3,n,15,liter,sbe5,5,11:00:00
,,phytp,odu/pel,c,2015-06-25t00:00:00,ap,36.76987,-76.29605,1,n,15,liter,sbe5,6,11:30:00
,,phytp,odu/pel,c,2015-07-15t00:00:00,ap,36.76987,-76.29605,2,n,15,liter,sbe5,8,11:00:00
,,phytp,odu/pel,c,2015-08-11t00:00:00,ap,36.76987,-76.29605,2,n,15,liter,sbe5,6,10:50:00
,,phytp,odu/pel,c,2015-09-10t00:00:00,ap,36.76987,-76.29605,4,n,15,liter,sbe5,6,11:25:00
,,phytp,odu/pel,c,2016-03-09t00:00:00,ap,36.76987,-76.29605,2,n,15,liter,sbe5,7,11:15:00
,,phytp,odu/pel,c,2016-04-14t00:00:00,ap,36.76987,-76.29605,2,n,15,liter,sbe5,7,10:45:00
,,phytp,odu/pel,c,2016-07-13t00:00:00,ap,36.76987,-76.29605,1,n,15,liter,sbe5,8,11:30:00
,,phytp,odu/pel,c,2016-08-10t00:00:00,ap,36.76987,-76.29605,1,n,15,liter,sbe5,7,11:00:00
,,phytp,odu/pel,c,2016-09-14t00:00:00,ap,36.76987,-76.29605,2,n,15,liter,sbe5,7,11:30:00
,,phytp,odu/pel,c,2016-10-13t00:00:00,ap,36.76987,-76.29605,1,n,15,liter,sbe5,7,11:40:00
,,phytp,odu/pel,c,2013-03-27t00:00:00,ap,38.01847,-76.90928,2,n,15,liter,tf3.3,8,12:00:00
,,phytp,odu/pel,c,2013-04-09t00:00:00,ap,38.01847,-76.90928,2,n,15,liter,tf3.3,8,11:40:00
,,phytp,odu/pel,c,2013-05-14t00:00:00,ap,38.01847,-76.90928,1,n,15,liter,tf3.3,10,13:00:00
,,phytp,odu/pel,c,2013-06-11t00:00:00,ap,38.01847,-76.90928,2,n,15,liter,tf3.3,10,12:50:00
,,phytp,odu/pel,c,2013-07-09t00:00:00,ap,38.01847,-76.90928,1,n,15,liter,tf3.3,8,14:30:00
,,phytp,odu/pel,c,2013-08-13t00:00:00,ap,38.01847,-76.90928,1,n,15,liter,tf3.3,8,15:15:00
,,phytp,odu/pel,c,2013-09-10t00:00:00,ap,38.01847,-76.90928,2,n,15,liter,tf3.3,8,14:20:00
,,phytp,odu/pel,c,2013-10-22t00:00:00,ap,38.01847,-76.90928,2,n,15,liter,tf3.3,9,15:00:00
,,phytp,odu/pel,c,2014-03-11t00:00:00,ap,38.01847,-76.90928,1,n,15,liter,tf3.3,4,15:30:00
,,phytp,odu/pel,c,2014-04-08t00:00:00,ap,38.01847,-76.90928,1,n,15,liter,tf3.3,7,13:10:00
,,phytp,odu/pel,c,2014-05-13t00:00:00,ap,38.01847,-76.90928,1,n,15,liter,tf3.3,6,14:30:00
,,phytp,odu/pel,c,2014-06-10t00:00:00,ap,38.01847,-76.90928,1,n,15,liter,tf3.3,9,14:00:00
,,phytp,odu/pel,c,2014-07-08t00:00:00,ap,38.01847,-76.90928,2,n,15,liter,tf3.3,8,14:30:00
,,phytp,odu/pel,c,2014-08-14t00:00:00,ap,38.01847,-76.90928,1,n,15,liter,tf3.3,8,14:45:00
,,phytp,odu/pel,c,2014-09-17t00:00:00,ap,38.01847,-76.90928,1.5,,15,liter,tf3.3,6,15:00:00
,,phytp,odu/pel,c,2014-10-30t00:00:00,ap,38.01847,-76.90928,1.5,n,15,liter,tf3.3,5,15:30:00
,,phytp,odu/pel,c,2015-03-19t00:00:00,ap,38.01847,-76.90928,1,n,15,liter,tf3.3,9,15:00:00
,,phytp,odu/pel,c,2015-05-12t00:00:00,ap,38.01847,-76.90928,1,n,15,liter,tf3.3,7,14:15:00
,,phytp,odu/pel,c,2015-06-09t00:00:00,ap,38.01847,-76.90928,1,n,15,liter,tf3.3,8,15:30:00
,,phytp,odu/pel,c,2015-07-14t00:00:00,ap,38.01847,-76.90928,3,n,15,liter,tf3.3,8,14:45:00
,,phytp,odu/pel,c,2015-09-09t00:00:00,ap,38.01847,-76.90928,3,n,15,liter,tf3.3,9,15:00:00
,,phytp,odu/pel,c,2015-10-15t00:00:00,ap,38.01847,-76.90928,1,n,15,liter,tf3.3,8,14:20:00
,,phytp,odu/pel,c,2016-03-17t00:00:00,ap,38.01847,-76.90928,1,n,15,liter,tf3.3,8,13:45:00
,,phytp,odu/pel,c,2016-04-21t00:00:00,ap,38.01847,-76.90928,1,n,15,liter,tf3.3,8,13:40:00
,,phytp,odu/pel,c,2016-05-10t00:00:00,ap,38.01847,-76.90928,1,n,15,liter,tf3.3,7,13:10:00
,,phytp,odu/pel,c,2016-06-15t00:00:00,ap,38.01847,-76.90928,1,n,15,liter,tf3.3,8,13:15:00
,,phytp,odu/pel,c,2016-07-21t00:00:00,ap,38.01847,-76.90928,2,n,15,liter,tf3.3,8,13:40:00
,,phytp,odu/pel,c,2016-08-09t00:00:00,ap,38.01847,-76.90928,2,n,15,liter,tf3.3,8,13:30:00
,,phytp,odu/pel,c,2016-09-13t00:00:00,ap,38.01847,-76.90928,1,n,15,liter,tf3.3,8,13:50:00
,,phytp,odu/pel,c,2016-10-12t00:00:00,ap,38.01847,-76.90928,1,n,15,liter,tf3.3,9,14:00:00
,,phytp,odu/pel,c,2013-03-19t00:00:00,ap,37.57999,-77.02128,1,n,15,liter,tf4.2,10,12:50:00
,,phytp,odu/pel,c,2013-04-16t00:00:00,ap,37.57999,-77.02128,1,n,15,liter,tf4.2,7,14:00:00
,,phytp,odu/pel,c,2013-05-21t00:00:00,ap,37.57999,-77.02128,2,n,15,liter,tf4.2,6,09:50:00
,,phytp,odu/pel,c,2013-06-18t00:00:00,ap,37.57999,-77.02128,1,n,15,liter,tf4.2,11,10:20:00
,,phytp,odu/pel,c,2013-07-16t00:00:00,ap,37.57999,-77.02128,2,n,15,liter,tf4.2,5,11:30:00
,,phytp,odu/pel,c,2013-08-20t00:00:00,ap,37.57999,-77.02128,2,n,15,liter,tf4.2,8,11:50:00
,,phytp,odu/pel,c,2013-09-17t00:00:00,ap,37.57999,-77.02128,2,n,15,liter,tf4.2,8,11:25:00
,,phytp,odu/pel,c,2013-10-16t00:00:00,ap,37.57999,-77.02128,2,n,15,liter,tf4.2,8,11:50:00
,,phytp,odu/pel,c,2014-03-20t00:00:00,ap,37.57999,-77.02128,1,n,15,liter,tf4.2,1,11:45:00
,,phytp,odu/pel,c,2014-04-17t00:00:00,ap,37.57999,-77.02128,1,n,15,liter,tf4.2,1,11:20:00
,,phytp,odu/pel,c,2014-05-20t00:00:00,ap,37.57999,-77.02128,1,n,15,liter,tf4.2,8,11:15:00
,,phytp,odu/pel,c,2014-06-17t00:00:00,ap,37.57999,-77.02128,2,n,15,liter,tf4.2,8,11:45:00
,,phytp,odu/pel,c,2014-07-15t00:00:00,ap,37.57999,-77.02128,,n,15,liter,tf4.2,,11:15:00
,,phytp,odu/pel,c,2014-08-19t00:00:00,ap,37.57999,-77.02128,2,n,15,liter,tf4.2,8,11:40:00
,,phytp,odu/pel,c,2014-09-16t00:00:00,ap,37.57999,-77.02128,3,n,15,liter,tf4.2,9,10:45:00
,,phytp,odu/pel,c,2014-10-21t00:00:00,ap,37.57999,-77.02128,2,n,15,liter,tf4.2,8,11:20:00
,,phytp,odu/pel,c,2015-03-17t00:00:00,ap,37.57999,-77.02128,1,n,15,liter,tf4.2,9,12:30:00
,,phytp,odu/pel,c,2015-04-21t00:00:00,ap,37.57999,-77.02128,1,n,15,liter,tf4.2,3,11:30:00
,,phytp,odu/pel,c,2015-05-19t00:00:00,ap,37.57999,-77.02128,2,n,15,liter,tf4.2,7,12:00:00
,,phytp,odu/pel,c,2015-06-16t00:00:00,ap,37.57999,-77.02128,1,n,15,liter,tf4.2,7,11:05:00
,,phytp,odu/pel,c,2015-07-21t00:00:00,ap,37.57999,-77.02128,1,n,15,liter,tf4.2,2,11:20:00
,,phytp,odu/pel,c,2015-08-18t00:00:00,ap,37.57999,-77.02128,1,n,15,liter,tf4.2,2,11:05:00
,,phytp,odu/pel,c,2015-09-15t00:00:00,ap,37.57999,-77.02128,1,n,15,liter,tf4.2,2,11:40:00
,,phytp,odu/pel,c,2015-10-20t00:00:00,ap,37.57999,-77.02128,2,n,15,liter,tf4.2,8,10:55:00
,,phytp,odu/pel,c,2016-03-08t00:00:00,ap,37.57999,-77.02128,2,n,15,liter,tf4.2,7,11:50:00
,,phytp,odu/pel,c,2016-04-19t00:00:00,ap,37.57999,-77.02128,2,n,15,liter,tf4.2,8,11:04:00
,,phytp,odu/pel,c,2016-05-25t00:00:00,ap,37.57999,-77.02128,2,n,15,liter,tf4.2,7,13:50:00
,,phytp,odu/pel,c,2016-06-21t00:00:00,ap,37.57999,-77.02128,2,n,15,liter,tf4.2,7,13:40:00
,,phytp,odu/pel,c,2016-07-19t00:00:00,ap,37.57999,-77.02128,1,n,15,liter,tf4.2,8,13:15:00
,,phytp,odu/pel,c,2016-08-16t00:00:00,ap,37.57999,-77.02128,2,n,15,liter,tf4.2,7,11:00:00
,,phytp,odu/pel,c,2016-09-20t00:00:00,ap,37.57999,-77.02128,3,n,15,liter,tf4.2,8,13:00:00
,,phytp,odu/pel,c,2016-10-18t00:00:00,ap,37.57999,-77.02128,1,n,15,liter,tf4.2,6,13:10:00
,,phytp,odu/pel,c,2013-03-05t00:00:00,ap,37.31265,-77.23283,2,n,15,liter,tf5.5,4,11:00:00
,,phytp,odu/pel,c,2013-04-02t00:00:00,ap,37.31265,-77.23283,2,n,15,liter,tf5.5,8,14:30:00
,,phytp,odu/pel,c,2013-05-09t00:00:00,ap,37.31265,-77.23283,2,n,15,liter,tf5.5,8,11:15:00
,,phytp,odu/pel,c,2013-06-06t00:00:00,ap,37.31265,-77.23283,2,n,15,liter,tf5.5,10,13:30:00
,,phytp,odu/pel,c,2013-07-18t00:00:00,ap,37.31265,-77.23283,1,n,15,liter,tf5.5,10,13:00:00
,,phytp,odu/pel,c,2013-08-15t00:00:00,ap,37.31265,-77.23283,2,n,15,liter,tf5.5,10,13:10:00
,,phytp,odu/pel,c,2013-09-04t00:00:00,ap,37.31265,-77.23283,2,n,15,liter,tf5.5,10,12:35:00
,,phytp,odu/pel,c,2013-10-01t00:00:00,ap,37.31265,-77.23283,2,n,15,liter,tf5.5,11,12:25:00
,,phytp,odu/pel,c,2014-04-01t00:00:00,ap,37.31265,-77.23283,2,n,15,liter,tf5.5,10,13:15:00
,,phytp,odu/pel,c,2014-05-06t00:00:00,ap,37.31265,-77.23283,1,n,15,liter,tf5.5,11,13:20:00
,,phytp,odu/pel,c,2014-06-03t00:00:00,ap,37.31265,-77.23283,1,n,15,liter,tf5.5,10,12:50:00
,,phytp,odu/pel,c,2014-07-01t00:00:00,ap,37.31265,-77.23283,2.5,n,15,liter,tf5.5,10,13:40:00
,,phytp,odu/pel,c,2014-08-05t00:00:00,ap,37.31265,-77.23283,2,n,15,liter,tf5.5,10,13:15:00
,,phytp,odu/pel,c,2014-09-03t00:00:00,ap,37.31265,-77.23283,2,n,15,liter,tf5.5,10,12:34:00
,,phytp,odu/pel,c,2014-10-07t00:00:00,ap,37.31265,-77.23283,1,n,15,liter,tf5.5,11,12:45:00
,,phytp,odu/pel,c,2015-03-12t00:00:00,ap,37.31265,-77.23283,1,n,15,liter,tf5.5,10,13:30:00
,,phytp,odu/pel,c,2015-05-05t00:00:00,ap,37.31265,-77.23283,2,n,15,liter,tf5.5,10,12:55:00
,,phytp,odu/pel,c,2015-06-18t00:00:00,ap,37.31265,-77.23283,1,n,15,liter,tf5.5,9,12:30:00
,,phytp,odu/pel,c,2015-07-07t00:00:00,ap,37.31265,-77.23283,2,n,15,liter,tf5.5,11,13:10:00
,,phytp,odu/pel,c,2015-08-06t00:00:00,ap,37.31265,-77.23283,2,n,15,liter,tf5.5,10,13:00:00
,,phytp,odu/pel,c,2015-09-17t00:00:00,ap,37.31265,-77.23283,2,n,15,liter,tf5.5,10,12:40:00
,,phytp,odu/pel,c,2016-03-15t00:00:00,ap,37.31265,-77.23283,2,n,15,liter,tf5.5,10,13:10:00
,,phytp,odu/pel,c,2016-04-14t00:00:00,ap,37.31265,-77.23283,3,n,15,liter,tf5.5,10,12:00:00
,,phytp,odu/pel,c,2016-05-12t00:00:00,ap,37.31265,-77.23283,3,n,15,liter,tf5.5,10,11:50:00
,,phytp,odu/pel,c,2016-06-07t00:00:00,ap,37.31265,-77.23283,1,n,15,liter,tf5.5,9,12:15:00
,,phytp,odu/pel,c,2016-07-12t00:00:00,ap,37.31265,-77.23283,2,n,15,liter,tf5.5,11,12:30:00
,,phytp,odu/pel,c,2016-08-02t00:00:00,ap,37.31265,-77.23283,2,n,15,liter,tf5.5,10,11:40:00
,,phytp,odu/pel,c,2016-09-07t00:00:00,ap,37.31265,-77.23283,1,n,15,liter,tf5.5,10,12:05:00
,,phytp,odu/pel,c,2016-10-04t00:00:00,ap,37.31265,-77.23283,2,n,15,liter,tf5.5,10,12:25:00
,,phytp,odu/pel,c,2013-01-16t00:00:00,ap,37.24181,-76.38634,4,p,15,liter,we4.2,13,11:41:00
,,phytp,odu/pel,c,2013-01-16t00:00:00,bp,37.24181,-76.38634,12.5,p,15,liter,we4.2,13,11:41:00
,,phytp,odu/pel,c,2013-02-14t00:00:00,bp,37.24181,-76.38634,11.5,p,15,liter,we4.2,12,16:03:00
,,phytp,odu/pel,c,2013-02-14t00:00:00,ap,37.24181,-76.38634,4,p,15,liter,we4.2,12,16:03:00
,,phytp,odu/pel,c,2013-03-20t00:00:00,bp,37.24181,-76.38634,11.5,p,15,liter,we4.2,12,09:53:00
,,phytp,odu/pel,c,2013-03-20t00:00:00,ap,37.24181,-76.38634,2,m,15,liter,we4.2,12,09:53:00
,,phytp,odu/pel,c,2013-04-17t00:00:00,ap,37.24181,-76.38634,9,p,15,liter,we4.2,13,07:25:00
,,phytp,odu/pel,c,2013-04-17t00:00:00,bp,37.24181,-76.38634,12.5,p,15,liter,we4.2,13,07:25:00
,,phytp,odu/pel,c,2013-05-14t00:00:00,ap,37.24181,-76.38634,3,m,15,liter,we4.2,12,14:46:00
,,phytp,odu/pel,c,2013-05-14t00:00:00,bp,37.24181,-76.38634,11.5,p,15,liter,we4.2,12,14:46:00
,,phytp,odu/pel,c,2013-06-03t00:00:00,ap,37.24181,-76.38634,5,p,15,liter,we4.2,12,09:59:00
,,phytp,odu/pel,c,2013-06-03t00:00:00,bp,37.24181,-76.38634,11.5,p,15,liter,we4.2,12,09:59:00
,,phytp,odu/pel,c,2013-07-18t00:00:00,ap,37.24181,-76.38634,7,p,15,liter,we4.2,12,09:34:00
,,phytp,odu/pel,c,2013-07-18t00:00:00,bp,37.24181,-76.38634,11.5,p,15,liter,we4.2,12,09:34:00
,,phytp,odu/pel,c,2013-08-13t00:00:00,ap,37.24181,-76.38634,8,p,15,liter,we4.2,13,14:50:00
,,phytp,odu/pel,c,2013-08-13t00:00:00,bp,37.24181,-76.38634,12.5,p,15,liter,we4.2,13,14:50:00
,,phytp,odu/pel,c,2013-09-19t00:00:00,ap,37.24181,-76.38634,4,p,15,liter,we4.2,13,16:50:00
,,phytp,odu/pel,c,2013-09-19t00:00:00,bp,37.24181,-76.38634,12.5,p,15,liter,we4.2,13,16:50:00
,,phytp,odu/pel,c,2013-10-22t00:00:00,ap,37.24181,-76.38634,4,p,15,liter,we4.2,13,17:27:00
,,phytp,odu/pel,c,2013-10-22t00:00:00,bp,37.24181,-76.38634,12.5,p,15,liter,we4.2,13,17:27:00
,,phytp,odu/pel,c,2013-11-11t00:00:00,bp,37.24181,-76.38634,12.5,p,15,liter,we4.2,13,12:31:00
,,phytp,odu/pel,c,2013-11-11t00:00:00,ap,37.24181,-76.38634,4,p,15,liter,we4.2,13,12:31:00
,,phytp,odu/pel,c,2013-12-12t00:00:00,ap,37.24181,-76.38634,4,p,15,liter,we4.2,13,12:09:00
,,phytp,odu/pel,c,2013-12-12t00:00:00,bp,37.24181,-76.38634,12.5,p,15,liter,we4.2,13,12:09:00
,,phytp,odu/pel,c,2014-02-17t00:00:00,ap,37.24181,-76.38634,9,p,15,liter,we4.2,13,14:53:00
,,phytp,odu/pel,c,2014-02-17t00:00:00,bp,37.24181,-76.38634,12.5,p,15,liter,we4.2,13,14:53:00
,,phytp,odu/pel,c,2014-03-20t00:00:00,ap,37.24181,-76.38634,4,p,15,liter,we4.2,12,16:38:00
,,phytp,odu/pel,c,2014-03-20t00:00:00,bp,37.24181,-76.38634,11.5,p,15,liter,we4.2,12,16:38:00
,,phytp,odu/pel,c,2014-04-14t00:00:00,ap,37.24181,-76.38634,6,m,15,liter,we4.2,13,13:54:00
,,phytp,odu/pel,c,2014-04-14t00:00:00,bp,37.24181,-76.38634,12.5,p,15,liter,we4.2,13,13:54:00
,,phytp,odu/pel,c,2014-05-14t00:00:00,ap,37.24181,-76.38634,7,m,15,liter,we4.2,12,09:54:00
,,phytp,odu/pel,c,2014-05-14t00:00:00,bp,37.24181,-76.38634,11.5,p,15,liter,we4.2,12,09:54:00
,,phytp,odu/pel,c,2014-06-04t00:00:00,ap,37.24181,-76.38634,4,m,15,liter,we4.2,12,07:33:00
,,phytp,odu/pel,c,2014-06-04t00:00:00,bp,37.24181,-76.38634,11.5,p,15,liter,we4.2,12,07:33:00
,,phytp,odu/pel,c,2014-07-07t00:00:00,ap,37.24181,-76.38634,4,m,15,liter,we4.2,11,10:14:00
,,phytp,odu/pel,c,2014-07-07t00:00:00,bp,37.24181,-76.38634,10.5,m,15,liter,we4.2,11,10:14:00
,,phytp,odu/pel,c,2014-08-06t00:00:00,bp,37.24181,-76.38634,11.5,p,15,liter,we4.2,12,08:34:00
,,phytp,odu/pel,c,2014-08-06t00:00:00,ap,37.24181,-76.38634,9,p,15,liter,we4.2,12,08:34:00
,,phytp,odu/pel,c,2014-09-17t00:00:00,ap,37.24181,-76.38634,4,p,15,liter,we4.2,12,09:39:00
,,phytp,odu/pel,c,2014-09-17t00:00:00,bp,37.24181,-76.38634,11.5,p,15,liter,we4.2,12,09:39:00
,,phytp,odu/pel,c,2014-10-22t00:00:00,ap,37.24181,-76.38634,4,p,15,liter,we4.2,12,07:36:00
,,phytp,odu/pel,c,2014-10-22t00:00:00,bp,37.24181,-76.38634,11.5,p,15,liter,we4.2,12,07:36:00
,,phytp,odu/pel,c,2014-11-25t00:00:00,ap,37.24181,-76.38634,4,p,15,liter,we4.2,12,13:40:00
,,phytp,odu/pel,c,2014-11-25t00:00:00,bp,37.24181,-76.38634,11.5,p,15,liter,we4.2,12,13:40:00
,,phytp,odu/pel,c,2014-12-17t00:00:00,ap,37.24181,-76.38634,8,p,15,liter,we4.2,12,09:25:00
,,phytp,odu/pel,c,2014-12-17t00:00:00,bp,37.24181,-76.38634,11.5,p,15,liter,we4.2,12,09:25:00
,,phytp,odu/pel,c,2015-01-12t00:00:00,ap,37.24181,-76.38634,4,p,15,liter,we4.2,12,13:41:00
,,phytp,odu/pel,c,2015-01-12t00:00:00,bp,37.24181,-76.38634,11.5,p,15,liter,we4.2,12,13:41:00
,,phytp,odu/pel,c,2015-02-09t00:00:00,bp,37.24181,-76.38634,11.5,p,15,liter,we4.2,12,14:00:00
,,phytp,odu/pel,c,2015-02-09t00:00:00,ap,37.24181,-76.38634,8,p,15,liter,we4.2,12,14:00:00
,,phytp,odu/pel,c,2015-03-09t00:00:00,bp,37.24181,-76.38634,11.5,p,15,liter,we4.2,12,14:23:00
,,phytp,odu/pel,c,2015-03-09t00:00:00,ap,37.24181,-76.38634,4,p,15,liter,we4.2,12,14:23:00
,,phytp,odu/pel,c,2015-04-08t00:00:00,ap,37.24181,-76.38634,3,p,15,liter,we4.2,11,07:31:00
,,phytp,odu/pel,c,2015-04-08t00:00:00,bp,37.24181,-76.38634,10.5,p,15,liter,we4.2,11,07:31:00
,,phytp,odu/pel,c,2015-05-07t00:00:00,ap,37.24181,-76.38634,9,p,15,liter,we4.2,12,09:53:00
,,phytp,odu/pel,c,2015-05-07t00:00:00,bp,37.24181,-76.38634,11.5,p,15,liter,we4.2,12,09:53:00
,,phytp,odu/pel,c,2015-06-05t00:00:00,ap,37.24181,-76.38634,9,p,15,liter,we4.2,12,08:51:00
,,phytp,odu/pel,c,2015-06-05t00:00:00,bp,37.24181,-76.38634,11.5,p,15,liter,we4.2,12,08:51:00
,,phytp,odu/pel,c,2015-07-08t00:00:00,ap,37.24181,-76.38634,3,p,15,liter,we4.2,11,10:40:00
,,phytp,odu/pel,c,2015-07-08t00:00:00,bp,37.24181,-76.38634,10.5,p,15,liter,we4.2,11,10:40:00
,,phytp,odu/pel,c,2015-08-06t00:00:00,ap,37.24181,-76.38634,3,p,15,liter,we4.2,11,09:02:00
,,phytp,odu/pel,c,2015-08-06t00:00:00,bp,37.24181,-76.38634,10.5,p,15,liter,we4.2,11,09:02:00
,,phytp,odu/pel,c,2015-10-22t00:00:00,bp,37.24181,-76.38634,11.5,p,15,liter,we4.2,12,07:52:00
,,phytp,odu/pel,c,2015-10-22t00:00:00,ap,37.24181,-76.38634,4,p,15,liter,we4.2,12,07:52:00
,,phytp,odu/pel,c,2015-11-24t00:00:00,bp,37.24181,-76.38634,11.5,p,15,liter,we4.2,12,13:06:00
,,phytp,odu/pel,c,2015-11-24t00:00:00,ap,37.24181,-76.38634,4,p,15,liter,we4.2,12,13:06:00
,,phytp,odu/pel,c,2015-12-15t00:00:00,ap,37.24181,-76.38634,4,p,15,liter,we4.2,13,10:50:00
,,phytp,odu/pel,c,2015-12-15t00:00:00,bp,37.24181,-76.38634,12.5,p,15,liter,we4.2,13,10:50:00
,,phytp,odu/pel,c,2016-01-11t00:00:00,ap,37.24181,-76.38634,6,p,15,liter,we4.2,12,15:44:00
,,phytp,odu/pel,c,2016-01-11t00:00:00,bp,37.24181,-76.38634,11.5,p,15,liter,we4.2,12,15:44:00
,,phytp,odu/pel,c,2016-02-09t00:00:00,bp,37.24181,-76.38634,12.5,p,15,liter,we4.2,13,11:29:00
,,phytp,odu/pel,c,2016-02-09t00:00:00,ap,37.24181,-76.38634,9,p,15,liter,we4.2,13,11:29:00
,,phytp,odu/pel,c,2016-03-14t00:00:00,bp,37.24181,-76.38634,12.5,p,15,liter,we4.2,13,15:48:00
,,phytp,odu/pel,c,2016-03-14t00:00:00,ap,37.24181,-76.38634,4,p,15,liter,we4.2,13,15:48:00
,,phytp,odu/pel,c,2016-04-18t00:00:00,ap,37.24181,-76.38634,3,p,15,liter,we4.2,11,19:02:00
,,phytp,odu/pel,c,2016-04-18t00:00:00,bp,37.24181,-76.38634,10.5,p,15,liter,we4.2,11,19:02:00
,,phytp,odu/pel,c,2016-05-10t00:00:00,ap,37.24181,-76.38634,4,p,15,liter,we4.2,13,14:13:00
,,phytp,odu/pel,c,2016-05-10t00:00:00,bp,37.24181,-76.38634,12.5,p,15,liter,we4.2,13,14:13:00
,,phytp,odu/pel,c,2016-06-07t00:00:00,ap,37.24181,-76.38634,4,m,15,liter,we4.2,12,16:37:00
,,phytp,odu/pel,c,2016-06-07t00:00:00,bp,37.24181,-76.38634,11.5,p,15,liter,we4.2,12,16:37:00
,,phytp,odu/pel,c,2016-07-13t00:00:00,ap,37.24181,-76.38634,8,p,15,liter,we4.2,12,07:19:00
,,phytp,odu/pel,c,2016-07-13t00:00:00,bp,37.24181,-76.38634,11.5,p,15,liter,we4.2,12,07:19:00
,,phytp,odu/pel,c,2016-08-10t00:00:00,ap,37.24181,-76.38634,4,p,15,liter,we4.2,12,09:38:00
,,phytp,odu/pel,c,2016-08-10t00:00:00,bp,37.24181,-76.38634,11.5,p,15,liter,we4.2,12,09:38:00
,,phytp,odu/pel,c,2016-09-27t00:00:00,bp,37.24181,-76.38634,11.5,p,15,liter,we4.2,12,16:07:00
,,phytp,odu/pel,c,2016-09-27t00:00:00,ap,37.24181,-76.38634,4,p,15,liter,we4.2,12,16:07:00
,,phytp,odu/pel,c,2016-10-19t00:00:00,ap,37.24181,-76.38634,4,p,15,liter,we4.2,12,13:13:00
,,phytp,odu/pel,c,2016-10-19t00:00:00,bp,37.24181,-76.38634,11.5,p,15,liter,we4.2,12,13:13:00
,,phytp,odu/pel,c,2016-11-15t00:00:00,ap,37.24181,-76.38634,4,p,15,liter,we4.2,12,10:40:00
,,phytp,odu/pel,c,2016-11-15t00:00:00,bp,37.24181,-76.38634,11.5,p,15,liter,we4.2,12,10:40:00
,,phytp,odu/pel,c,2016-12-14t00:00:00,ap,37.24181,-76.38634,4,p,15,liter,we4.2,12,10:46:00
,,phytp,odu/pel,c,2016-12-14t00:00:00,bp,37.24181,-76.38634,11.5,p,15,liter,we4.2,12,10:46:00
