huc8,eventid,cruise,program,project,agency,source,station,sampledate,sampletime,totaldepth,upperpycnocline,lowerpycnocline,depth,layer,sampletype,samplereplicatetype,parameter,qualifier,measurevalue,unit,method,lab,problem,precisionpc,biaspc,details,latitude,longitude
02060004,454715,bay736,twqm,trib,mddnr,mddnr,wt6.1,2019-01-15t00:00:00,10:08:00,6.2,NA,NA,0.5,s,d,s1,chla,NA,19.01,ug/l,l01,cbl,NA,NA,NA,NA,39.07851,-76.51005
02060004,454715,bay736,twqm,trib,mddnr,mddnr,wt6.1,2019-01-15t00:00:00,10:08:00,6.2,NA,NA,5.2,b,d,s1,chla,NA,11.75,ug/l,l01,cbl,NA,NA,NA,NA,39.07851,-76.51005
02060004,454716,bay736,twqm,trib,mddnr,mddnr,wt7.1,2019-01-15t00:00:00,10:57:00,9.4,NA,NA,8.4,b,d,s1,chla,NA,12.82,ug/l,l01,cbl,NA,NA,NA,NA,39.00764,-76.5035
02060004,454716,bay736,twqm,trib,mddnr,mddnr,wt7.1,2019-01-15t00:00:00,10:57:00,9.4,NA,NA,0.5,s,d,s1,chla,NA,19.01,ug/l,l01,cbl,NA,NA,NA,NA,39.00764,-76.5035
02060004,454717,bay736,twqm,trib,mddnr,mddnr,wt8.1,2019-01-15t00:00:00,12:14:00,7.5,NA,NA,0.5,s,d,s1,chla,NA,18.37,ug/l,l01,cbl,NA,NA,NA,NA,38.9496,-76.5461
02060004,454718,bay736,twqm,trib,mddnr,mddnr,wt8.2,2019-01-15t00:00:00,11:35:00,3.3,NA,NA,0.5,s,d,s1,chla,NA,22.86,ug/l,l01,cbl,NA,NA,NA,NA,38.88696,-76.5349
02060004,454717,bay736,twqm,trib,mddnr,mddnr,wt8.1,2019-01-15t00:00:00,12:14:00,7.5,NA,NA,6.5,b,d,s1,chla,NA,6.19,ug/l,l01,cbl,NA,NA,NA,NA,38.9496,-76.5461
02060004,454718,bay736,twqm,trib,mddnr,mddnr,wt8.2,2019-01-15t00:00:00,11:35:00,3.3,NA,NA,2.3,b,d,s1,chla,NA,10.68,ug/l,l01,cbl,NA,NA,NA,NA,38.88696,-76.5349
02060004,454719,bay736,twqm,trib,mddnr,mddnr,wt8.3,2019-01-15t00:00:00,11:50:00,3.9,NA,NA,2.9,b,d,s1,chla,NA,15.81,ug/l,l01,cbl,NA,NA,NA,NA,38.8425,-76.5341
02060004,454719,bay736,twqm,trib,mddnr,mddnr,wt8.3,2019-01-15t00:00:00,11:50:00,3.9,NA,NA,0.5,s,d,s1,chla,NA,26.06,ug/l,l01,cbl,NA,NA,NA,NA,38.8425,-76.5341
02060004,455049,bay738,twqm,trib,mddnr,mddnr,wt6.1,2019-02-11t00:00:00,08:52:00,5.9,NA,NA,0.5,s,d,s1,chla,NA,12.18,ug/l,l01,cbl,NA,NA,NA,NA,39.07851,-76.51005
02060004,455050,bay738,twqm,trib,mddnr,mddnr,wt7.1,2019-02-11t00:00:00,09:34:00,9.3,NA,NA,0.5,s,d,s1,chla,NA,6.84,ug/l,l01,cbl,NA,NA,NA,NA,39.00764,-76.5035
02060004,455051,bay738,twqm,trib,mddnr,mddnr,wt8.1,2019-02-11t00:00:00,10:09:00,8,NA,NA,0.5,s,d,s1,chla,NA,10.89,ug/l,l01,cbl,NA,NA,NA,NA,38.9496,-76.5461
02060004,455049,bay738,twqm,trib,mddnr,mddnr,wt6.1,2019-02-11t00:00:00,08:52:00,5.9,NA,NA,4.9,b,d,s1,chla,NA,5.55,ug/l,l01,cbl,NA,NA,NA,NA,39.07851,-76.51005
02060004,455050,bay738,twqm,trib,mddnr,mddnr,wt7.1,2019-02-11t00:00:00,09:34:00,9.3,NA,NA,8.3,b,d,s1,chla,NA,5.13,ug/l,l01,cbl,NA,NA,NA,NA,39.00764,-76.5035
02060004,455052,bay738,twqm,trib,mddnr,mddnr,wt8.2,2019-02-11t00:00:00,10:46:00,2.6,NA,NA,1.6,b,d,s1,chla,NA,16.02,ug/l,l01,cbl,NA,NA,NA,NA,38.88696,-76.5349
02060004,455052,bay738,twqm,trib,mddnr,mddnr,wt8.2,2019-02-11t00:00:00,10:46:00,2.6,NA,NA,0.5,s,d,s1,chla,NA,20.03,ug/l,l01,cbl,NA,NA,NA,NA,38.88696,-76.5349
02060004,455053,bay738,twqm,trib,mddnr,mddnr,wt8.3,2019-02-11t00:00:00,10:34:00,3.7,NA,NA,0.5,s,d,s1,chla,NA,19.86,ug/l,l01,cbl,NA,NA,NA,NA,38.8425,-76.5341
02060004,455053,bay738,twqm,trib,mddnr,mddnr,wt8.3,2019-02-11t00:00:00,10:34:00,3.7,NA,NA,2.7,b,d,s1,chla,NA,19.86,ug/l,l01,cbl,NA,NA,NA,NA,38.8425,-76.5341
02060004,455051,bay738,twqm,trib,mddnr,mddnr,wt8.1,2019-02-11t00:00:00,10:09:00,8,NA,NA,7,b,d,s1,chla,NA,9.4,ug/l,l01,cbl,NA,NA,NA,NA,38.9496,-76.5461
02060004,455157,bay740,twqm,trib,mddnr,mddnr,wt6.1,2019-03-14t00:00:00,11:36:00,6.3,NA,NA,5.3,b,d,s1,chla,NA,8.33,ug/l,l01,cbl,NA,NA,NA,NA,39.07851,-76.51005
02060004,455157,bay740,twqm,trib,mddnr,mddnr,wt6.1,2019-03-14t00:00:00,11:36:00,6.3,NA,NA,0.5,s,d,s1,chla,NA,11.96,ug/l,l01,cbl,NA,NA,NA,NA,39.07851,-76.51005
02060004,455158,bay740,twqm,trib,mddnr,mddnr,wt7.1,2019-03-14t00:00:00,10:49:00,10.1,NA,NA,0.5,s,d,s1,chla,NA,9.18,ug/l,l01,cbl,NA,NA,NA,NA,39.00764,-76.5035
02060004,455159,bay740,twqm,trib,mddnr,mddnr,wt8.1,2019-03-14t00:00:00,10:07:00,8.1,NA,NA,0.5,s,d,s1,chla,NA,7.9,ug/l,l01,cbl,NA,NA,NA,NA,38.9496,-76.5461
02060004,455158,bay740,twqm,trib,mddnr,mddnr,wt7.1,2019-03-14t00:00:00,10:49:00,10.1,NA,NA,9.1,b,d,s1,chla,NA,8.54,ug/l,l01,cbl,NA,NA,NA,NA,39.00764,-76.5035
02060004,455159,bay740,twqm,trib,mddnr,mddnr,wt8.1,2019-03-14t00:00:00,10:07:00,8.1,NA,NA,7.1,b,d,s1,chla,NA,26.49,ug/l,l01,cbl,NA,NA,NA,NA,38.9496,-76.5461
02060004,455160,bay740,twqm,trib,mddnr,mddnr,wt8.2,2019-03-14t00:00:00,09:38:00,2.8,NA,NA,1.8,b,d,s1,chla,NA,16.87,ug/l,l01,cbl,NA,NA,NA,NA,38.88696,-76.5349
02060004,455160,bay740,twqm,trib,mddnr,mddnr,wt8.2,2019-03-14t00:00:00,09:38:00,2.8,NA,NA,0.5,s,d,s1,chla,NA,18.16,ug/l,l01,cbl,NA,NA,NA,NA,38.88696,-76.5349
02060004,455161,bay740,twqm,trib,mddnr,mddnr,wt8.3,2019-03-14t00:00:00,09:25:00,4,NA,NA,0.5,s,d,s1,chla,NA,14.1,ug/l,l01,cbl,NA,NA,NA,NA,38.8425,-76.5341
02060004,456232,bay743,twqm,trib,mddnr,mddnr,wt6.1,2019-04-16t00:00:00,08:48:00,4.2,NA,NA,0.5,s,d,s1,chla,NA,28.84,ug/l,l01,cbl,NA,NA,NA,NA,39.07851,-76.51005
02060004,455161,bay740,twqm,trib,mddnr,mddnr,wt8.3,2019-03-14t00:00:00,09:25:00,4,NA,NA,3,b,d,s1,chla,NA,17.52,ug/l,l01,cbl,NA,NA,NA,NA,38.8425,-76.5341
02060004,456232,bay743,twqm,trib,mddnr,mddnr,wt6.1,2019-04-16t00:00:00,08:48:00,4.2,NA,NA,3.2,b,d,s1,chla,NA,28.3,ug/l,l01,cbl,NA,NA,NA,NA,39.07851,-76.51005
02060004,456233,bay743,twqm,trib,mddnr,mddnr,wt7.1,2019-04-16t00:00:00,10:12:00,11,NA,NA,10,b,d,s1,chla,NA,17.94,ug/l,l01,cbl,NA,NA,NA,NA,39.00764,-76.5035
02060004,456233,bay743,twqm,trib,mddnr,mddnr,wt7.1,2019-04-16t00:00:00,10:12:00,11,NA,NA,0.5,s,d,s1,chla,NA,18.8,ug/l,l01,cbl,NA,NA,NA,NA,39.00764,-76.5035
02060004,456234,bay743,twqm,trib,mddnr,mddnr,wt8.1,2019-04-16t00:00:00,11:18:00,5.4,NA,NA,0.5,s,d,s1,chla,NA,36.31,ug/l,l01,cbl,NA,NA,NA,NA,38.9496,-76.5461
02060004,456234,bay743,twqm,trib,mddnr,mddnr,wt8.1,2019-04-16t00:00:00,11:18:00,5.4,NA,NA,4.4,b,d,s1,chla,NA,35.88,ug/l,l01,cbl,NA,NA,NA,NA,38.9496,-76.5461
02060004,456235,bay743,twqm,trib,mddnr,mddnr,wt8.2,2019-04-16t00:00:00,12:47:00,2.6,NA,NA,1.6,b,d,s1,chla,NA,29.9,ug/l,l01,cbl,NA,NA,NA,NA,38.88696,-76.5349
02060004,456235,bay743,twqm,trib,mddnr,mddnr,wt8.2,2019-04-16t00:00:00,12:47:00,2.6,NA,NA,0.5,s,d,s1,chla,NA,28.48,ug/l,l01,cbl,NA,NA,NA,NA,38.88696,-76.5349
02060004,456236,bay743,twqm,trib,mddnr,mddnr,wt8.3,2019-04-16t00:00:00,12:08:00,2.3,NA,NA,0.5,s,d,s1,chla,NA,13.67,ug/l,l01,cbl,NA,NA,NA,NA,38.8425,-76.5341
02060004,456236,bay743,twqm,trib,mddnr,mddnr,wt8.3,2019-04-16t00:00:00,12:08:00,2.3,NA,NA,1.3,b,d,s1,chla,NA,17.73,ug/l,l01,cbl,NA,NA,NA,NA,38.8425,-76.5341
02060004,456124,bay744,twqm,trib,mddnr,mddnr,wt6.1,2019-05-14t00:00:00,08:48:00,5.9,NA,NA,4.9,b,d,s1,chla,NA,20.29,ug/l,l01,cbl,NA,NA,NA,NA,39.07851,-76.51005
02060004,456124,bay744,twqm,trib,mddnr,mddnr,wt6.1,2019-05-14t00:00:00,08:48:00,5.9,NA,NA,0.5,s,d,s1,chla,NA,16.66,ug/l,l01,cbl,NA,NA,NA,NA,39.07851,-76.51005
02060004,456125,bay744,twqm,trib,mddnr,mddnr,wt7.1,2019-05-14t00:00:00,09:51:00,9.3,NA,NA,0.5,s,d,s1,chla,NA,14.52,ug/l,l01,cbl,NA,NA,NA,NA,39.00764,-76.5035
02060004,456126,bay744,twqm,trib,mddnr,mddnr,wt8.1,2019-05-14t00:00:00,10:26:00,7.3,NA,NA,0.5,s,d,s1,chla,NA,33.11,ug/l,l01,cbl,NA,NA,NA,NA,38.9496,-76.5461
02060004,456127,bay744,twqm,trib,mddnr,mddnr,wt8.2,2019-05-14t00:00:00,11:09:00,2.9,NA,NA,0.5,s,d,s1,chla,NA,39.25,ug/l,l01,cbl,NA,NA,NA,NA,38.88696,-76.5349
02060004,456125,bay744,twqm,trib,mddnr,mddnr,wt7.1,2019-05-14t00:00:00,09:51:00,9.3,NA,NA,8.3,b,d,s1,chla,NA,7.26,ug/l,l01,cbl,NA,NA,NA,NA,39.00764,-76.5035
02060004,456126,bay744,twqm,trib,mddnr,mddnr,wt8.1,2019-05-14t00:00:00,10:26:00,7.3,NA,NA,6.3,b,d,s1,chla,NA,15.59,ug/l,l01,cbl,NA,NA,NA,NA,38.9496,-76.5461
02060004,456128,bay744,twqm,trib,mddnr,mddnr,wt8.3,2019-05-14t00:00:00,10:54:00,3.9,NA,NA,2.9,b,d,s1,chla,NA,20.56,ug/l,l01,cbl,NA,NA,NA,NA,38.8425,-76.5341
02060004,456128,bay744,twqm,trib,mddnr,mddnr,wt8.3,2019-05-14t00:00:00,10:54:00,3.9,NA,NA,0.5,s,d,s1,chla,NA,22.96,ug/l,l01,cbl,NA,NA,NA,NA,38.8425,-76.5341
02060004,456370,bay747,twqm,trib,mddnr,mddnr,wt6.1,2019-06-17t00:00:00,09:01:00,6,NA,NA,0.5,s,d,s1,chla,NA,16.23,ug/l,l01,cbl,NA,NA,NA,NA,39.07851,-76.51005
02060004,456371,bay747,twqm,trib,mddnr,mddnr,wt7.1,2019-06-17t00:00:00,10:01:00,9.8,NA,NA,0.5,s,d,s1,chla,NA,10.04,ug/l,l01,cbl,NA,NA,NA,NA,39.00764,-76.5035
02060004,456127,bay744,twqm,trib,mddnr,mddnr,wt8.2,2019-05-14t00:00:00,11:09:00,2.9,NA,NA,1.9,b,d,s1,chla,NA,35.24,ug/l,l01,cbl,NA,NA,NA,NA,38.88696,-76.5349
02060004,456370,bay747,twqm,trib,mddnr,mddnr,wt6.1,2019-06-17t00:00:00,09:01:00,6,NA,NA,5,b,d,s1,chla,NA,10.25,ug/l,l01,cbl,NA,NA,NA,NA,39.07851,-76.51005
02060004,456371,bay747,twqm,trib,mddnr,mddnr,wt7.1,2019-06-17t00:00:00,10:01:00,9.8,NA,NA,8.8,b,d,s1,chla,NA,3.84,ug/l,l01,cbl,NA,NA,NA,NA,39.00764,-76.5035
02060004,456372,bay747,twqm,trib,mddnr,mddnr,wt8.1,2019-06-17t00:00:00,10:49:00,7.4,NA,NA,6.4,b,d,s1,chla,NA,3.47,ug/l,l01,cbl,NA,NA,NA,NA,38.9496,-76.5461
02060004,456372,bay747,twqm,trib,mddnr,mddnr,wt8.1,2019-06-17t00:00:00,10:49:00,7.4,NA,NA,0.5,s,d,s1,chla,NA,88.38,ug/l,l01,cbl,NA,NA,NA,NA,38.9496,-76.5461
02060004,456373,bay747,twqm,trib,mddnr,mddnr,wt8.2,2019-06-17t00:00:00,11:31:00,2.6,NA,NA,0.5,s,d,s1,chla,NA,19.22,ug/l,l01,cbl,NA,NA,NA,NA,38.88696,-76.5349
02060004,456374,bay747,twqm,trib,mddnr,mddnr,wt8.3,2019-06-17t00:00:00,11:58:00,3.7,NA,NA,0.5,s,d,s1,chla,NA,53.4,ug/l,l01,cbl,NA,NA,NA,NA,38.8425,-76.5341
02060004,456373,bay747,twqm,trib,mddnr,mddnr,wt8.2,2019-06-17t00:00:00,11:31:00,2.6,NA,NA,1.6,b,d,s1,chla,NA,14.69,ug/l,l01,cbl,NA,NA,NA,NA,38.88696,-76.5349
02060004,456374,bay747,twqm,trib,mddnr,mddnr,wt8.3,2019-06-17t00:00:00,11:58:00,3.7,NA,NA,2.7,b,d,s1,chla,NA,22.43,ug/l,l01,cbl,NA,NA,NA,NA,38.8425,-76.5341
02060004,456374,bay747,twqm,trib,mddnr,mddnr,wt8.3,2019-06-17t00:00:00,11:58:00,3.7,NA,NA,2.7,b,d,s1,din,NA,0.344,mg/l,d01,cbl,NA,NA,NA,NA,38.8425,-76.5341
02060004,456373,bay747,twqm,trib,mddnr,mddnr,wt8.2,2019-06-17t00:00:00,11:31:00,2.6,NA,NA,1.6,b,d,s1,din,<,0.0137,mg/l,d01a,cbl,NA,NA,NA,NA,38.88696,-76.5349
02060004,456373,bay747,twqm,trib,mddnr,mddnr,wt8.2,2019-06-17t00:00:00,11:31:00,2.6,NA,NA,1.6,b,d,s1,din,<,0.0069,mg/l,d01b,cbl,NA,NA,NA,NA,38.88696,-76.5349
02060004,456374,bay747,twqm,trib,mddnr,mddnr,wt8.3,2019-06-17t00:00:00,11:58:00,3.7,NA,NA,0.5,s,d,s1,din,<,0.0277,mg/l,d01a,cbl,NA,NA,NA,NA,38.8425,-76.5341
02060004,456374,bay747,twqm,trib,mddnr,mddnr,wt8.3,2019-06-17t00:00:00,11:58:00,3.7,NA,NA,0.5,s,d,s1,din,<,0.0212,mg/l,d01b,cbl,NA,NA,NA,NA,38.8425,-76.5341
02060004,456373,bay747,twqm,trib,mddnr,mddnr,wt8.2,2019-06-17t00:00:00,11:31:00,2.6,NA,NA,0.5,s,d,s1,din,<,0.0137,mg/l,d01a,cbl,NA,NA,NA,NA,38.88696,-76.5349
02060004,456373,bay747,twqm,trib,mddnr,mddnr,wt8.2,2019-06-17t00:00:00,11:31:00,2.6,NA,NA,0.5,s,d,s1,din,<,0.0069,mg/l,d01b,cbl,NA,NA,NA,NA,38.88696,-76.5349
02060004,456372,bay747,twqm,trib,mddnr,mddnr,wt8.1,2019-06-17t00:00:00,10:49:00,7.4,NA,NA,0.5,s,d,s1,din,<,0.054,mg/l,d01a,cbl,NA,NA,NA,NA,38.9496,-76.5461
02060004,456372,bay747,twqm,trib,mddnr,mddnr,wt8.1,2019-06-17t00:00:00,10:49:00,7.4,NA,NA,0.5,s,d,s1,din,<,0.0475,mg/l,d01b,cbl,NA,NA,NA,NA,38.9496,-76.5461
02060004,456372,bay747,twqm,trib,mddnr,mddnr,wt8.1,2019-06-17t00:00:00,10:49:00,7.4,NA,NA,6.4,b,d,s1,din,NA,0.046,mg/l,d01,cbl,NA,NA,NA,NA,38.9496,-76.5461
02060004,456371,bay747,twqm,trib,mddnr,mddnr,wt7.1,2019-06-17t00:00:00,10:01:00,9.8,NA,NA,8.8,b,d,s1,din,NA,0.404,mg/l,d01,cbl,NA,NA,NA,NA,39.00764,-76.5035
02060004,456370,bay747,twqm,trib,mddnr,mddnr,wt6.1,2019-06-17t00:00:00,09:01:00,6,NA,NA,5,b,d,s1,din,NA,0.385,mg/l,d01,cbl,NA,NA,NA,NA,39.07851,-76.51005
02060004,456127,bay744,twqm,trib,mddnr,mddnr,wt8.2,2019-05-14t00:00:00,11:09:00,2.9,NA,NA,1.9,b,d,s1,din,NA,0.203,mg/l,d01,cbl,NA,NA,NA,NA,38.88696,-76.5349
02060004,456371,bay747,twqm,trib,mddnr,mddnr,wt7.1,2019-06-17t00:00:00,10:01:00,9.8,NA,NA,0.5,s,d,s1,din,<,0.129,mg/l,d01a,cbl,NA,NA,NA,NA,39.00764,-76.5035
02060004,456371,bay747,twqm,trib,mddnr,mddnr,wt7.1,2019-06-17t00:00:00,10:01:00,9.8,NA,NA,0.5,s,d,s1,din,<,0.1225,mg/l,d01b,cbl,NA,NA,NA,NA,39.00764,-76.5035
02060004,456370,bay747,twqm,trib,mddnr,mddnr,wt6.1,2019-06-17t00:00:00,09:01:00,6,NA,NA,0.5,s,d,s1,din,<,0.075,mg/l,d01a,cbl,NA,NA,NA,NA,39.07851,-76.51005
02060004,456370,bay747,twqm,trib,mddnr,mddnr,wt6.1,2019-06-17t00:00:00,09:01:00,6,NA,NA,0.5,s,d,s1,din,<,0.0685,mg/l,d01b,cbl,NA,NA,NA,NA,39.07851,-76.51005
02060004,456128,bay744,twqm,trib,mddnr,mddnr,wt8.3,2019-05-14t00:00:00,10:54:00,3.9,NA,NA,0.5,s,d,s1,din,NA,0.539,mg/l,d01,cbl,NA,NA,NA,NA,38.8425,-76.5341
02060004,456128,bay744,twqm,trib,mddnr,mddnr,wt8.3,2019-05-14t00:00:00,10:54:00,3.9,NA,NA,2.9,b,d,s1,din,<,0.429,mg/l,d01a,cbl,NA,NA,NA,NA,38.8425,-76.5341
02060004,456128,bay744,twqm,trib,mddnr,mddnr,wt8.3,2019-05-14t00:00:00,10:54:00,3.9,NA,NA,2.9,b,d,s1,din,<,0.4225,mg/l,d01b,cbl,NA,NA,NA,NA,38.8425,-76.5341
02060004,456126,bay744,twqm,trib,mddnr,mddnr,wt8.1,2019-05-14t00:00:00,10:26:00,7.3,NA,NA,6.3,b,d,s1,din,NA,0.374,mg/l,d01,cbl,NA,NA,NA,NA,38.9496,-76.5461
02060004,456125,bay744,twqm,trib,mddnr,mddnr,wt7.1,2019-05-14t00:00:00,09:51:00,9.3,NA,NA,8.3,b,d,s1,din,NA,0.571,mg/l,d01,cbl,NA,NA,NA,NA,39.00764,-76.5035
02060004,456127,bay744,twqm,trib,mddnr,mddnr,wt8.2,2019-05-14t00:00:00,11:09:00,2.9,NA,NA,0.5,s,d,s1,din,<,0.169,mg/l,d01a,cbl,NA,NA,NA,NA,38.88696,-76.5349
02060004,456127,bay744,twqm,trib,mddnr,mddnr,wt8.2,2019-05-14t00:00:00,11:09:00,2.9,NA,NA,0.5,s,d,s1,din,<,0.1625,mg/l,d01b,cbl,NA,NA,NA,NA,38.88696,-76.5349
02060004,456126,bay744,twqm,trib,mddnr,mddnr,wt8.1,2019-05-14t00:00:00,10:26:00,7.3,NA,NA,0.5,s,d,s1,din,NA,0.216,mg/l,d01,cbl,NA,NA,NA,NA,38.9496,-76.5461
02060004,456125,bay744,twqm,trib,mddnr,mddnr,wt7.1,2019-05-14t00:00:00,09:51:00,9.3,NA,NA,0.5,s,d,s1,din,NA,0.511,mg/l,d01,cbl,NA,NA,NA,NA,39.00764,-76.5035
02060004,456124,bay744,twqm,trib,mddnr,mddnr,wt6.1,2019-05-14t00:00:00,08:48:00,5.9,NA,NA,0.5,s,d,s1,din,NA,0.74,mg/l,d01,cbl,NA,NA,NA,NA,39.07851,-76.51005
02060004,456124,bay744,twqm,trib,mddnr,mddnr,wt6.1,2019-05-14t00:00:00,08:48:00,5.9,NA,NA,4.9,b,d,s1,din,NA,0.498,mg/l,d01,cbl,NA,NA,NA,NA,39.07851,-76.51005
02060004,456236,bay743,twqm,trib,mddnr,mddnr,wt8.3,2019-04-16t00:00:00,12:08:00,2.3,NA,NA,1.3,b,d,s1,din,NA,0.609,mg/l,d01,cbl,NA,NA,NA,NA,38.8425,-76.5341
02060004,456236,bay743,twqm,trib,mddnr,mddnr,wt8.3,2019-04-16t00:00:00,12:08:00,2.3,NA,NA,0.5,s,d,s1,din,NA,0.583,mg/l,d01,cbl,NA,NA,NA,NA,38.8425,-76.5341
02060004,456235,bay743,twqm,trib,mddnr,mddnr,wt8.2,2019-04-16t00:00:00,12:47:00,2.6,NA,NA,0.5,s,d,s1,din,<,0.218,mg/l,d01a,cbl,NA,NA,NA,NA,38.88696,-76.5349
02060004,456235,bay743,twqm,trib,mddnr,mddnr,wt8.2,2019-04-16t00:00:00,12:47:00,2.6,NA,NA,0.5,s,d,s1,din,<,0.2115,mg/l,d01b,cbl,NA,NA,NA,NA,38.88696,-76.5349
02060004,456235,bay743,twqm,trib,mddnr,mddnr,wt8.2,2019-04-16t00:00:00,12:47:00,2.6,NA,NA,1.6,b,d,s1,din,<,0.262,mg/l,d01a,cbl,NA,NA,NA,NA,38.88696,-76.5349
02060004,456235,bay743,twqm,trib,mddnr,mddnr,wt8.2,2019-04-16t00:00:00,12:47:00,2.6,NA,NA,1.6,b,d,s1,din,<,0.2555,mg/l,d01b,cbl,NA,NA,NA,NA,38.88696,-76.5349
02060004,456234,bay743,twqm,trib,mddnr,mddnr,wt8.1,2019-04-16t00:00:00,11:18:00,5.4,NA,NA,4.4,b,d,s1,din,<,0.398,mg/l,d01a,cbl,NA,NA,NA,NA,38.9496,-76.5461
02060004,456234,bay743,twqm,trib,mddnr,mddnr,wt8.1,2019-04-16t00:00:00,11:18:00,5.4,NA,NA,4.4,b,d,s1,din,<,0.3915,mg/l,d01b,cbl,NA,NA,NA,NA,38.9496,-76.5461
02060004,456234,bay743,twqm,trib,mddnr,mddnr,wt8.1,2019-04-16t00:00:00,11:18:00,5.4,NA,NA,0.5,s,d,s1,din,<,0.417,mg/l,d01a,cbl,NA,NA,NA,NA,38.9496,-76.5461
02060004,456234,bay743,twqm,trib,mddnr,mddnr,wt8.1,2019-04-16t00:00:00,11:18:00,5.4,NA,NA,0.5,s,d,s1,din,<,0.4105,mg/l,d01b,cbl,NA,NA,NA,NA,38.9496,-76.5461
02060004,456233,bay743,twqm,trib,mddnr,mddnr,wt7.1,2019-04-16t00:00:00,10:12:00,11,NA,NA,0.5,s,d,s1,din,<,0.701,mg/l,d01a,cbl,NA,NA,NA,NA,39.00764,-76.5035
02060004,456233,bay743,twqm,trib,mddnr,mddnr,wt7.1,2019-04-16t00:00:00,10:12:00,11,NA,NA,0.5,s,d,s1,din,<,0.6945,mg/l,d01b,cbl,NA,NA,NA,NA,39.00764,-76.5035
02060004,456233,bay743,twqm,trib,mddnr,mddnr,wt7.1,2019-04-16t00:00:00,10:12:00,11,NA,NA,10,b,d,s1,din,NA,0.783,mg/l,d01,cbl,NA,NA,NA,NA,39.00764,-76.5035
02060004,456232,bay743,twqm,trib,mddnr,mddnr,wt6.1,2019-04-16t00:00:00,08:48:00,4.2,NA,NA,3.2,b,d,s1,din,NA,0.883,mg/l,d01,cbl,NA,NA,NA,NA,39.07851,-76.51005
02060004,455161,bay740,twqm,trib,mddnr,mddnr,wt8.3,2019-03-14t00:00:00,09:25:00,4,NA,NA,3,b,d,s1,din,<,0.733,mg/l,d01a,cbl,NA,NA,NA,NA,38.8425,-76.5341
02060004,455161,bay740,twqm,trib,mddnr,mddnr,wt8.3,2019-03-14t00:00:00,09:25:00,4,NA,NA,3,b,d,s1,din,<,0.7265,mg/l,d01b,cbl,NA,NA,NA,NA,38.8425,-76.5341
02060004,456232,bay743,twqm,trib,mddnr,mddnr,wt6.1,2019-04-16t00:00:00,08:48:00,4.2,NA,NA,0.5,s,d,s1,din,NA,0.85,mg/l,d01,cbl,NA,NA,NA,NA,39.07851,-76.51005
02060004,455161,bay740,twqm,trib,mddnr,mddnr,wt8.3,2019-03-14t00:00:00,09:25:00,4,NA,NA,0.5,s,d,s1,din,<,0.653,mg/l,d01a,cbl,NA,NA,NA,NA,38.8425,-76.5341
02060004,455161,bay740,twqm,trib,mddnr,mddnr,wt8.3,2019-03-14t00:00:00,09:25:00,4,NA,NA,0.5,s,d,s1,din,<,0.6465,mg/l,d01b,cbl,NA,NA,NA,NA,38.8425,-76.5341
02060004,455160,bay740,twqm,trib,mddnr,mddnr,wt8.2,2019-03-14t00:00:00,09:38:00,2.8,NA,NA,0.5,s,d,s1,din,<,0.523,mg/l,d01a,cbl,NA,NA,NA,NA,38.88696,-76.5349
02060004,455160,bay740,twqm,trib,mddnr,mddnr,wt8.2,2019-03-14t00:00:00,09:38:00,2.8,NA,NA,0.5,s,d,s1,din,<,0.5165,mg/l,d01b,cbl,NA,NA,NA,NA,38.88696,-76.5349
02060004,455160,bay740,twqm,trib,mddnr,mddnr,wt8.2,2019-03-14t00:00:00,09:38:00,2.8,NA,NA,1.8,b,d,s1,din,<,0.603,mg/l,d01a,cbl,NA,NA,NA,NA,38.88696,-76.5349
02060004,455160,bay740,twqm,trib,mddnr,mddnr,wt8.2,2019-03-14t00:00:00,09:38:00,2.8,NA,NA,1.8,b,d,s1,din,<,0.5965,mg/l,d01b,cbl,NA,NA,NA,NA,38.88696,-76.5349
02060004,455159,bay740,twqm,trib,mddnr,mddnr,wt8.1,2019-03-14t00:00:00,10:07:00,8.1,NA,NA,7.1,b,d,s1,din,NA,0.786,mg/l,d01,cbl,NA,NA,NA,NA,38.9496,-76.5461
02060004,455158,bay740,twqm,trib,mddnr,mddnr,wt7.1,2019-03-14t00:00:00,10:49:00,10.1,NA,NA,9.1,b,d,s1,din,NA,0.841,mg/l,d01,cbl,NA,NA,NA,NA,39.00764,-76.5035
02060004,455159,bay740,twqm,trib,mddnr,mddnr,wt8.1,2019-03-14t00:00:00,10:07:00,8.1,NA,NA,0.5,s,d,s1,din,<,0.636,mg/l,d01a,cbl,NA,NA,NA,NA,38.9496,-76.5461
02060004,455159,bay740,twqm,trib,mddnr,mddnr,wt8.1,2019-03-14t00:00:00,10:07:00,8.1,NA,NA,0.5,s,d,s1,din,<,0.6295,mg/l,d01b,cbl,NA,NA,NA,NA,38.9496,-76.5461
02060004,455158,bay740,twqm,trib,mddnr,mddnr,wt7.1,2019-03-14t00:00:00,10:49:00,10.1,NA,NA,0.5,s,d,s1,din,NA,0.853,mg/l,d01,cbl,NA,NA,NA,NA,39.00764,-76.5035
02060004,455157,bay740,twqm,trib,mddnr,mddnr,wt6.1,2019-03-14t00:00:00,11:36:00,6.3,NA,NA,0.5,s,d,s1,din,<,1.023,mg/l,d01a,cbl,NA,NA,NA,NA,39.07851,-76.51005
02060004,455157,bay740,twqm,trib,mddnr,mddnr,wt6.1,2019-03-14t00:00:00,11:36:00,6.3,NA,NA,0.5,s,d,s1,din,<,1.0165,mg/l,d01b,cbl,NA,NA,NA,NA,39.07851,-76.51005
02060004,455157,bay740,twqm,trib,mddnr,mddnr,wt6.1,2019-03-14t00:00:00,11:36:00,6.3,NA,NA,5.3,b,d,s1,din,NA,0.997,mg/l,d01,cbl,NA,NA,NA,NA,39.07851,-76.51005
02060004,455051,bay738,twqm,trib,mddnr,mddnr,wt8.1,2019-02-11t00:00:00,10:09:00,8,NA,NA,7,b,d,s1,din,NA,0.884,mg/l,d01,cbl,NA,NA,NA,NA,38.9496,-76.5461
02060004,455053,bay738,twqm,trib,mddnr,mddnr,wt8.3,2019-02-11t00:00:00,10:34:00,3.7,NA,NA,2.7,b,d,s1,din,<,0.901,mg/l,d01a,cbl,NA,NA,NA,NA,38.8425,-76.5341
02060004,455053,bay738,twqm,trib,mddnr,mddnr,wt8.3,2019-02-11t00:00:00,10:34:00,3.7,NA,NA,2.7,b,d,s1,din,<,0.8945,mg/l,d01b,cbl,NA,NA,NA,NA,38.8425,-76.5341
02060004,455053,bay738,twqm,trib,mddnr,mddnr,wt8.3,2019-02-11t00:00:00,10:34:00,3.7,NA,NA,0.5,s,d,s1,din,<,0.81,mg/l,d01a,cbl,NA,NA,NA,NA,38.8425,-76.5341
02060004,455053,bay738,twqm,trib,mddnr,mddnr,wt8.3,2019-02-11t00:00:00,10:34:00,3.7,NA,NA,0.5,s,d,s1,din,<,0.8035,mg/l,d01b,cbl,NA,NA,NA,NA,38.8425,-76.5341
02060004,455052,bay738,twqm,trib,mddnr,mddnr,wt8.2,2019-02-11t00:00:00,10:46:00,2.6,NA,NA,0.5,s,d,s1,din,<,0.76,mg/l,d01a,cbl,NA,NA,NA,NA,38.88696,-76.5349
02060004,455052,bay738,twqm,trib,mddnr,mddnr,wt8.2,2019-02-11t00:00:00,10:46:00,2.6,NA,NA,0.5,s,d,s1,din,<,0.7535,mg/l,d01b,cbl,NA,NA,NA,NA,38.88696,-76.5349
02060004,455052,bay738,twqm,trib,mddnr,mddnr,wt8.2,2019-02-11t00:00:00,10:46:00,2.6,NA,NA,1.6,b,d,s1,din,<,0.73,mg/l,d01a,cbl,NA,NA,NA,NA,38.88696,-76.5349
02060004,455052,bay738,twqm,trib,mddnr,mddnr,wt8.2,2019-02-11t00:00:00,10:46:00,2.6,NA,NA,1.6,b,d,s1,din,<,0.7235,mg/l,d01b,cbl,NA,NA,NA,NA,38.88696,-76.5349
02060004,455050,bay738,twqm,trib,mddnr,mddnr,wt7.1,2019-02-11t00:00:00,09:34:00,9.3,NA,NA,8.3,b,d,s1,din,NA,0.997,mg/l,d01,cbl,NA,NA,NA,NA,39.00764,-76.5035
02060004,455049,bay738,twqm,trib,mddnr,mddnr,wt6.1,2019-02-11t00:00:00,08:52:00,5.9,NA,NA,4.9,b,d,s1,din,NA,1.212,mg/l,d01,cbl,NA,NA,NA,NA,39.07851,-76.51005
02060004,455051,bay738,twqm,trib,mddnr,mddnr,wt8.1,2019-02-11t00:00:00,10:09:00,8,NA,NA,0.5,s,d,s1,din,<,0.435,mg/l,d01a,cbl,NA,NA,NA,NA,38.9496,-76.5461
02060004,455051,bay738,twqm,trib,mddnr,mddnr,wt8.1,2019-02-11t00:00:00,10:09:00,8,NA,NA,0.5,s,d,s1,din,<,0.4285,mg/l,d01b,cbl,NA,NA,NA,NA,38.9496,-76.5461
02060004,455050,bay738,twqm,trib,mddnr,mddnr,wt7.1,2019-02-11t00:00:00,09:34:00,9.3,NA,NA,0.5,s,d,s1,din,NA,1.094,mg/l,d01,cbl,NA,NA,NA,NA,39.00764,-76.5035
02060004,455049,bay738,twqm,trib,mddnr,mddnr,wt6.1,2019-02-11t00:00:00,08:52:00,5.9,NA,NA,0.5,s,d,s1,din,NA,1.276,mg/l,d01,cbl,NA,NA,NA,NA,39.07851,-76.51005
02060004,454719,bay736,twqm,trib,mddnr,mddnr,wt8.3,2019-01-15t00:00:00,11:50:00,3.9,NA,NA,0.5,s,d,s1,din,<,0.594,mg/l,d01a,cbl,NA,NA,NA,NA,38.8425,-76.5341
02060004,454719,bay736,twqm,trib,mddnr,mddnr,wt8.3,2019-01-15t00:00:00,11:50:00,3.9,NA,NA,0.5,s,d,s1,din,<,0.5875,mg/l,d01b,cbl,NA,NA,NA,NA,38.8425,-76.5341
02060004,454719,bay736,twqm,trib,mddnr,mddnr,wt8.3,2019-01-15t00:00:00,11:50:00,3.9,NA,NA,2.9,b,d,s1,din,<,0.813,mg/l,d01a,cbl,NA,NA,NA,NA,38.8425,-76.5341
02060004,454719,bay736,twqm,trib,mddnr,mddnr,wt8.3,2019-01-15t00:00:00,11:50:00,3.9,NA,NA,2.9,b,d,s1,din,<,0.8065,mg/l,d01b,cbl,NA,NA,NA,NA,38.8425,-76.5341
02060004,454718,bay736,twqm,trib,mddnr,mddnr,wt8.2,2019-01-15t00:00:00,11:35:00,3.3,NA,NA,2.3,b,d,s1,din,NA,0.878,mg/l,d01,cbl,NA,NA,NA,NA,38.88696,-76.5349
02060004,454717,bay736,twqm,trib,mddnr,mddnr,wt8.1,2019-01-15t00:00:00,12:14:00,7.5,NA,NA,6.5,b,d,s1,din,NA,0.903,mg/l,d01,cbl,NA,NA,NA,NA,38.9496,-76.5461
02060004,454718,bay736,twqm,trib,mddnr,mddnr,wt8.2,2019-01-15t00:00:00,11:35:00,3.3,NA,NA,0.5,s,d,s1,din,<,0.602,mg/l,d01a,cbl,NA,NA,NA,NA,38.88696,-76.5349
02060004,454718,bay736,twqm,trib,mddnr,mddnr,wt8.2,2019-01-15t00:00:00,11:35:00,3.3,NA,NA,0.5,s,d,s1,din,<,0.5955,mg/l,d01b,cbl,NA,NA,NA,NA,38.88696,-76.5349
02060004,454717,bay736,twqm,trib,mddnr,mddnr,wt8.1,2019-01-15t00:00:00,12:14:00,7.5,NA,NA,0.5,s,d,s1,din,<,0.548,mg/l,d01a,cbl,NA,NA,NA,NA,38.9496,-76.5461
02060004,454717,bay736,twqm,trib,mddnr,mddnr,wt8.1,2019-01-15t00:00:00,12:14:00,7.5,NA,NA,0.5,s,d,s1,din,<,0.5415,mg/l,d01b,cbl,NA,NA,NA,NA,38.9496,-76.5461
02060004,454716,bay736,twqm,trib,mddnr,mddnr,wt7.1,2019-01-15t00:00:00,10:57:00,9.4,NA,NA,0.5,s,d,s1,din,<,0.635,mg/l,d01a,cbl,NA,NA,NA,NA,39.00764,-76.5035
02060004,454716,bay736,twqm,trib,mddnr,mddnr,wt7.1,2019-01-15t00:00:00,10:57:00,9.4,NA,NA,0.5,s,d,s1,din,<,0.6285,mg/l,d01b,cbl,NA,NA,NA,NA,39.00764,-76.5035
02060004,454716,bay736,twqm,trib,mddnr,mddnr,wt7.1,2019-01-15t00:00:00,10:57:00,9.4,NA,NA,8.4,b,d,s1,din,<,0.945,mg/l,d01a,cbl,NA,NA,NA,NA,39.00764,-76.5035
02060004,454716,bay736,twqm,trib,mddnr,mddnr,wt7.1,2019-01-15t00:00:00,10:57:00,9.4,NA,NA,8.4,b,d,s1,din,<,0.9385,mg/l,d01b,cbl,NA,NA,NA,NA,39.00764,-76.5035
02060004,454715,bay736,twqm,trib,mddnr,mddnr,wt6.1,2019-01-15t00:00:00,10:08:00,6.2,NA,NA,5.2,b,d,s1,din,<,1.093,mg/l,d01a,cbl,NA,NA,NA,NA,39.07851,-76.51005
02060004,454715,bay736,twqm,trib,mddnr,mddnr,wt6.1,2019-01-15t00:00:00,10:08:00,6.2,NA,NA,5.2,b,d,s1,din,<,1.0865,mg/l,d01b,cbl,NA,NA,NA,NA,39.07851,-76.51005
02060004,454715,bay736,twqm,trib,mddnr,mddnr,wt6.1,2019-01-15t00:00:00,10:08:00,6.2,NA,NA,0.5,s,d,s1,din,NA,1.021,mg/l,d01,cbl,NA,NA,NA,NA,39.07851,-76.51005
02060004,454715,bay736,twqm,trib,mddnr,mddnr,wt6.1,2019-01-15t00:00:00,10:08:00,6.2,NA,NA,0.5,s,d,s1,doc,NA,2.85,mg/l,l01,cbl,NA,NA,NA,NA,39.07851,-76.51005
02060004,454717,bay736,twqm,trib,mddnr,mddnr,wt8.1,2019-01-15t00:00:00,12:14:00,7.5,NA,NA,0.5,s,d,s1,doc,NA,2.56,mg/l,l01,cbl,NA,NA,NA,NA,38.9496,-76.5461
02060004,455049,bay738,twqm,trib,mddnr,mddnr,wt6.1,2019-02-11t00:00:00,08:52:00,5.9,NA,NA,0.5,s,d,s1,doc,NA,2.27,mg/l,l01,cbl,NA,NA,NA,NA,39.07851,-76.51005
02060004,455051,bay738,twqm,trib,mddnr,mddnr,wt8.1,2019-02-11t00:00:00,10:09:00,8,NA,NA,0.5,s,d,s1,doc,NA,2.25,mg/l,l01,cbl,NA,NA,NA,NA,38.9496,-76.5461
02060004,455157,bay740,twqm,trib,mddnr,mddnr,wt6.1,2019-03-14t00:00:00,11:36:00,6.3,NA,NA,0.5,s,d,s1,doc,NA,2.23,mg/l,l01,cbl,NA,NA,NA,NA,39.07851,-76.51005
02060004,455159,bay740,twqm,trib,mddnr,mddnr,wt8.1,2019-03-14t00:00:00,10:07:00,8.1,NA,NA,0.5,s,d,s1,doc,NA,2.51,mg/l,l01,cbl,NA,NA,NA,NA,38.9496,-76.5461
02060004,456232,bay743,twqm,trib,mddnr,mddnr,wt6.1,2019-04-16t00:00:00,08:48:00,4.2,NA,NA,0.5,s,d,s1,doc,NA,2.33,mg/l,l01,cbl,NA,NA,NA,NA,39.07851,-76.51005
02060004,456234,bay743,twqm,trib,mddnr,mddnr,wt8.1,2019-04-16t00:00:00,11:18:00,5.4,NA,NA,0.5,s,d,s1,doc,NA,2.37,mg/l,l01,cbl,NA,NA,NA,NA,38.9496,-76.5461
02060004,456124,bay744,twqm,trib,mddnr,mddnr,wt6.1,2019-05-14t00:00:00,08:48:00,5.9,NA,NA,0.5,s,d,s1,doc,NA,2.64,mg/l,l01,cbl,NA,NA,NA,NA,39.07851,-76.51005
02060004,456126,bay744,twqm,trib,mddnr,mddnr,wt8.1,2019-05-14t00:00:00,10:26:00,7.3,NA,NA,0.5,s,d,s1,doc,NA,3,mg/l,l01,cbl,NA,NA,NA,NA,38.9496,-76.5461
02060004,456370,bay747,twqm,trib,mddnr,mddnr,wt6.1,2019-06-17t00:00:00,09:01:00,6,NA,NA,0.5,s,d,s1,doc,NA,2.92,mg/l,l01,cbl,NA,NA,NA,NA,39.07851,-76.51005
02060004,456372,bay747,twqm,trib,mddnr,mddnr,wt8.1,2019-06-17t00:00:00,10:49:00,7.4,NA,NA,0.5,s,d,s1,doc,NA,3.19,mg/l,l01,cbl,NA,NA,NA,NA,38.9496,-76.5461
02060004,456372,bay747,twqm,trib,mddnr,mddnr,wt8.1,2019-06-17t00:00:00,10:49:00,7.4,NA,NA,0.5,s,d,s1,pheo,NA,3.952,ug/l,l01,cbl,NA,NA,NA,NA,38.9496,-76.5461
02060004,456127,bay744,twqm,trib,mddnr,mddnr,wt8.2,2019-05-14t00:00:00,11:09:00,2.9,NA,NA,1.9,b,d,s1,pheo,NA,3.257,ug/l,l01,cbl,NA,NA,NA,NA,38.88696,-76.5349
02060004,456370,bay747,twqm,trib,mddnr,mddnr,wt6.1,2019-06-17t00:00:00,09:01:00,6,NA,NA,5,b,d,s1,pheo,NA,2.905,ug/l,l01,cbl,NA,NA,NA,NA,39.07851,-76.51005
02060004,456371,bay747,twqm,trib,mddnr,mddnr,wt7.1,2019-06-17t00:00:00,10:01:00,9.8,NA,NA,8.8,b,d,s1,pheo,NA,3.631,ug/l,l01,cbl,NA,NA,NA,NA,39.00764,-76.5035
02060004,456372,bay747,twqm,trib,mddnr,mddnr,wt8.1,2019-06-17t00:00:00,10:49:00,7.4,NA,NA,6.4,b,d,s1,pheo,NA,2.697,ug/l,l01,cbl,NA,NA,NA,NA,38.9496,-76.5461
02060004,456373,bay747,twqm,trib,mddnr,mddnr,wt8.2,2019-06-17t00:00:00,11:31:00,2.6,NA,NA,0.5,s,d,s1,pheo,<,0.74,ug/l,l01,cbl,NA,NA,NA,NA,38.88696,-76.5349
02060004,456374,bay747,twqm,trib,mddnr,mddnr,wt8.3,2019-06-17t00:00:00,11:58:00,3.7,NA,NA,0.5,s,d,s1,pheo,NA,1.362,ug/l,l01,cbl,NA,NA,NA,NA,38.8425,-76.5341
02060004,456370,bay747,twqm,trib,mddnr,mddnr,wt6.1,2019-06-17t00:00:00,09:01:00,6,NA,NA,0.5,s,d,s1,pheo,NA,2.157,ug/l,l01,cbl,NA,NA,NA,NA,39.07851,-76.51005
02060004,456371,bay747,twqm,trib,mddnr,mddnr,wt7.1,2019-06-17t00:00:00,10:01:00,9.8,NA,NA,0.5,s,d,s1,pheo,<,0.74,ug/l,l01,cbl,NA,NA,NA,NA,39.00764,-76.5035
02060004,456125,bay744,twqm,trib,mddnr,mddnr,wt7.1,2019-05-14t00:00:00,09:51:00,9.3,NA,NA,8.3,b,d,s1,pheo,NA,6.493,ug/l,l01,cbl,NA,NA,NA,NA,39.00764,-76.5035
02060004,456126,bay744,twqm,trib,mddnr,mddnr,wt8.1,2019-05-14t00:00:00,10:26:00,7.3,NA,NA,6.3,b,d,s1,pheo,NA,4.592,ug/l,l01,cbl,NA,NA,NA,NA,38.9496,-76.5461
02060004,456128,bay744,twqm,trib,mddnr,mddnr,wt8.3,2019-05-14t00:00:00,10:54:00,3.9,NA,NA,2.9,b,d,s1,pheo,NA,3.364,ug/l,l01,cbl,NA,NA,NA,NA,38.8425,-76.5341
02060004,456128,bay744,twqm,trib,mddnr,mddnr,wt8.3,2019-05-14t00:00:00,10:54:00,3.9,NA,NA,0.5,s,d,s1,pheo,NA,2.83,ug/l,l01,cbl,NA,NA,NA,NA,38.8425,-76.5341
02060004,456373,bay747,twqm,trib,mddnr,mddnr,wt8.2,2019-06-17t00:00:00,11:31:00,2.6,NA,NA,1.6,b,d,s1,pheo,NA,2.697,ug/l,l01,cbl,NA,NA,NA,NA,38.88696,-76.5349
02060004,456374,bay747,twqm,trib,mddnr,mddnr,wt8.3,2019-06-17t00:00:00,11:58:00,3.7,NA,NA,2.7,b,d,s1,pheo,NA,1.682,ug/l,l01,cbl,NA,NA,NA,NA,38.8425,-76.5341
02060004,456126,bay744,twqm,trib,mddnr,mddnr,wt8.1,2019-05-14t00:00:00,10:26:00,7.3,NA,NA,0.5,s,d,s1,pheo,NA,5.02,ug/l,l01,cbl,NA,NA,NA,NA,38.9496,-76.5461
02060004,456127,bay744,twqm,trib,mddnr,mddnr,wt8.2,2019-05-14t00:00:00,11:09:00,2.9,NA,NA,0.5,s,d,s1,pheo,NA,3.364,ug/l,l01,cbl,NA,NA,NA,NA,38.88696,-76.5349
02060004,456124,bay744,twqm,trib,mddnr,mddnr,wt6.1,2019-05-14t00:00:00,08:48:00,5.9,NA,NA,0.5,s,d,s1,pheo,NA,5.468,ug/l,l01,cbl,NA,NA,NA,NA,39.07851,-76.51005
02060004,456125,bay744,twqm,trib,mddnr,mddnr,wt7.1,2019-05-14t00:00:00,09:51:00,9.3,NA,NA,0.5,s,d,s1,pheo,NA,2.072,ug/l,l01,cbl,NA,NA,NA,NA,39.00764,-76.5035
02060004,456234,bay743,twqm,trib,mddnr,mddnr,wt8.1,2019-04-16t00:00:00,11:18:00,5.4,NA,NA,0.5,s,d,s1,pheo,NA,4.208,ug/l,l01,cbl,NA,NA,NA,NA,38.9496,-76.5461
02060004,456234,bay743,twqm,trib,mddnr,mddnr,wt8.1,2019-04-16t00:00:00,11:18:00,5.4,NA,NA,4.4,b,d,s1,pheo,NA,4.635,ug/l,l01,cbl,NA,NA,NA,NA,38.9496,-76.5461
02060004,456235,bay743,twqm,trib,mddnr,mddnr,wt8.2,2019-04-16t00:00:00,12:47:00,2.6,NA,NA,1.6,b,d,s1,pheo,NA,3.738,ug/l,l01,cbl,NA,NA,NA,NA,38.88696,-76.5349
02060004,456235,bay743,twqm,trib,mddnr,mddnr,wt8.2,2019-04-16t00:00:00,12:47:00,2.6,NA,NA,0.5,s,d,s1,pheo,NA,2.919,ug/l,l01,cbl,NA,NA,NA,NA,38.88696,-76.5349
02060004,456236,bay743,twqm,trib,mddnr,mddnr,wt8.3,2019-04-16t00:00:00,12:08:00,2.3,NA,NA,0.5,s,d,s1,pheo,NA,3.076,ug/l,l01,cbl,NA,NA,NA,NA,38.8425,-76.5341
02060004,456236,bay743,twqm,trib,mddnr,mddnr,wt8.3,2019-04-16t00:00:00,12:08:00,2.3,NA,NA,1.3,b,d,s1,pheo,NA,3.054,ug/l,l01,cbl,NA,NA,NA,NA,38.8425,-76.5341
02060004,456124,bay744,twqm,trib,mddnr,mddnr,wt6.1,2019-05-14t00:00:00,08:48:00,5.9,NA,NA,4.9,b,d,s1,pheo,NA,6.771,ug/l,l01,cbl,NA,NA,NA,NA,39.07851,-76.51005
02060004,456232,bay743,twqm,trib,mddnr,mddnr,wt6.1,2019-04-16t00:00:00,08:48:00,4.2,NA,NA,0.5,s,d,s1,pheo,NA,5.554,ug/l,l01,cbl,NA,NA,NA,NA,39.07851,-76.51005
02060004,455161,bay740,twqm,trib,mddnr,mddnr,wt8.3,2019-03-14t00:00:00,09:25:00,4,NA,NA,3,b,d,s1,pheo,NA,1.922,ug/l,l01,cbl,NA,NA,NA,NA,38.8425,-76.5341
02060004,456232,bay743,twqm,trib,mddnr,mddnr,wt6.1,2019-04-16t00:00:00,08:48:00,4.2,NA,NA,3.2,b,d,s1,pheo,NA,3.471,ug/l,l01,cbl,NA,NA,NA,NA,39.07851,-76.51005
02060004,456233,bay743,twqm,trib,mddnr,mddnr,wt7.1,2019-04-16t00:00:00,10:12:00,11,NA,NA,10,b,d,s1,pheo,NA,5.383,ug/l,l01,cbl,NA,NA,NA,NA,39.00764,-76.5035
02060004,456233,bay743,twqm,trib,mddnr,mddnr,wt7.1,2019-04-16t00:00:00,10:12:00,11,NA,NA,0.5,s,d,s1,pheo,NA,4.08,ug/l,l01,cbl,NA,NA,NA,NA,39.00764,-76.5035
02060004,455159,bay740,twqm,trib,mddnr,mddnr,wt8.1,2019-03-14t00:00:00,10:07:00,8.1,NA,NA,0.5,s,d,s1,pheo,NA,4.058,ug/l,l01,cbl,NA,NA,NA,NA,38.9496,-76.5461
02060004,455158,bay740,twqm,trib,mddnr,mddnr,wt7.1,2019-03-14t00:00:00,10:49:00,10.1,NA,NA,9.1,b,d,s1,pheo,NA,3.866,ug/l,l01,cbl,NA,NA,NA,NA,39.00764,-76.5035
02060004,455159,bay740,twqm,trib,mddnr,mddnr,wt8.1,2019-03-14t00:00:00,10:07:00,8.1,NA,NA,7.1,b,d,s1,pheo,NA,8.8,ug/l,l01,cbl,NA,NA,NA,NA,38.9496,-76.5461
02060004,455160,bay740,twqm,trib,mddnr,mddnr,wt8.2,2019-03-14t00:00:00,09:38:00,2.8,NA,NA,1.8,b,d,s1,pheo,NA,2.563,ug/l,l01,cbl,NA,NA,NA,NA,38.88696,-76.5349
02060004,455160,bay740,twqm,trib,mddnr,mddnr,wt8.2,2019-03-14t00:00:00,09:38:00,2.8,NA,NA,0.5,s,d,s1,pheo,NA,2.029,ug/l,l01,cbl,NA,NA,NA,NA,38.88696,-76.5349
02060004,455161,bay740,twqm,trib,mddnr,mddnr,wt8.3,2019-03-14t00:00:00,09:25:00,4,NA,NA,0.5,s,d,s1,pheo,NA,1.452,ug/l,l01,cbl,NA,NA,NA,NA,38.8425,-76.5341
02060004,455157,bay740,twqm,trib,mddnr,mddnr,wt6.1,2019-03-14t00:00:00,11:36:00,6.3,NA,NA,0.5,s,d,s1,pheo,<,0.74,ug/l,l01,cbl,NA,NA,NA,NA,39.07851,-76.51005
02060004,455158,bay740,twqm,trib,mddnr,mddnr,wt7.1,2019-03-14t00:00:00,10:49:00,10.1,NA,NA,0.5,s,d,s1,pheo,NA,1.73,ug/l,l01,cbl,NA,NA,NA,NA,39.00764,-76.5035
02060004,455053,bay738,twqm,trib,mddnr,mddnr,wt8.3,2019-02-11t00:00:00,10:34:00,3.7,NA,NA,0.5,s,d,s1,pheo,NA,2.115,ug/l,l01,cbl,NA,NA,NA,NA,38.8425,-76.5341
02060004,455053,bay738,twqm,trib,mddnr,mddnr,wt8.3,2019-02-11t00:00:00,10:34:00,3.7,NA,NA,2.7,b,d,s1,pheo,NA,0.769,ug/l,l01,cbl,NA,NA,NA,NA,38.8425,-76.5341
02060004,455051,bay738,twqm,trib,mddnr,mddnr,wt8.1,2019-02-11t00:00:00,10:09:00,8,NA,NA,7,b,d,s1,pheo,NA,3.161,ug/l,l01,cbl,NA,NA,NA,NA,38.9496,-76.5461
02060004,455157,bay740,twqm,trib,mddnr,mddnr,wt6.1,2019-03-14t00:00:00,11:36:00,6.3,NA,NA,5.3,b,d,s1,pheo,NA,2.734,ug/l,l01,cbl,NA,NA,NA,NA,39.07851,-76.51005
02060004,455051,bay738,twqm,trib,mddnr,mddnr,wt8.1,2019-02-11t00:00:00,10:09:00,8,NA,NA,0.5,s,d,s1,pheo,NA,0.918,ug/l,l01,cbl,NA,NA,NA,NA,38.9496,-76.5461
02060004,455050,bay738,twqm,trib,mddnr,mddnr,wt7.1,2019-02-11t00:00:00,09:34:00,9.3,NA,NA,0.5,s,d,s1,pheo,<,0.74,ug/l,l01,cbl,NA,NA,NA,NA,39.00764,-76.5035
02060004,455049,bay738,twqm,trib,mddnr,mddnr,wt6.1,2019-02-11t00:00:00,08:52:00,5.9,NA,NA,4.9,b,d,s1,pheo,NA,3.268,ug/l,l01,cbl,NA,NA,NA,NA,39.07851,-76.51005
02060004,455050,bay738,twqm,trib,mddnr,mddnr,wt7.1,2019-02-11t00:00:00,09:34:00,9.3,NA,NA,8.3,b,d,s1,pheo,NA,1.602,ug/l,l01,cbl,NA,NA,NA,NA,39.00764,-76.5035
02060004,455052,bay738,twqm,trib,mddnr,mddnr,wt8.2,2019-02-11t00:00:00,10:46:00,2.6,NA,NA,1.6,b,d,s1,pheo,NA,0.876,ug/l,l01,cbl,NA,NA,NA,NA,38.88696,-76.5349
02060004,455052,bay738,twqm,trib,mddnr,mddnr,wt8.2,2019-02-11t00:00:00,10:46:00,2.6,NA,NA,0.5,s,d,s1,pheo,NA,1.468,ug/l,l01,cbl,NA,NA,NA,NA,38.88696,-76.5349
02060004,455049,bay738,twqm,trib,mddnr,mddnr,wt6.1,2019-02-11t00:00:00,08:52:00,5.9,NA,NA,0.5,s,d,s1,pheo,NA,1.132,ug/l,l01,cbl,NA,NA,NA,NA,39.07851,-76.51005
02060004,454719,bay736,twqm,trib,mddnr,mddnr,wt8.3,2019-01-15t00:00:00,11:50:00,3.9,NA,NA,0.5,s,d,s1,pheo,NA,2.35,ug/l,l01,cbl,NA,NA,NA,NA,38.8425,-76.5341
02060004,454718,bay736,twqm,trib,mddnr,mddnr,wt8.2,2019-01-15t00:00:00,11:35:00,3.3,NA,NA,0.5,s,d,s1,pheo,NA,2.115,ug/l,l01,cbl,NA,NA,NA,NA,38.88696,-76.5349
02060004,454717,bay736,twqm,trib,mddnr,mddnr,wt8.1,2019-01-15t00:00:00,12:14:00,7.5,NA,NA,6.5,b,d,s1,pheo,NA,2.029,ug/l,l01,cbl,NA,NA,NA,NA,38.9496,-76.5461
02060004,454718,bay736,twqm,trib,mddnr,mddnr,wt8.2,2019-01-15t00:00:00,11:35:00,3.3,NA,NA,2.3,b,d,s1,pheo,NA,2.328,ug/l,l01,cbl,NA,NA,NA,NA,38.88696,-76.5349
02060004,454719,bay736,twqm,trib,mddnr,mddnr,wt8.3,2019-01-15t00:00:00,11:50:00,3.9,NA,NA,2.9,b,d,s1,pheo,NA,1.986,ug/l,l01,cbl,NA,NA,NA,NA,38.8425,-76.5341
02060004,454717,bay736,twqm,trib,mddnr,mddnr,wt8.1,2019-01-15t00:00:00,12:14:00,7.5,NA,NA,0.5,s,d,s1,pheo,NA,3.161,ug/l,l01,cbl,NA,NA,NA,NA,38.9496,-76.5461
02060004,454716,bay736,twqm,trib,mddnr,mddnr,wt7.1,2019-01-15t00:00:00,10:57:00,9.4,NA,NA,0.5,s,d,s1,pheo,NA,1.474,ug/l,l01,cbl,NA,NA,NA,NA,39.00764,-76.5035
02060004,454715,bay736,twqm,trib,mddnr,mddnr,wt6.1,2019-01-15t00:00:00,10:08:00,6.2,NA,NA,0.5,s,d,s1,pheo,NA,3.717,ug/l,l01,cbl,NA,NA,NA,NA,39.07851,-76.51005
02060004,454715,bay736,twqm,trib,mddnr,mddnr,wt6.1,2019-01-15t00:00:00,10:08:00,6.2,NA,NA,5.2,b,d,s1,pheo,NA,4.251,ug/l,l01,cbl,NA,NA,NA,NA,39.07851,-76.51005
02060004,454716,bay736,twqm,trib,mddnr,mddnr,wt7.1,2019-01-15t00:00:00,10:57:00,9.4,NA,NA,8.4,b,d,s1,pheo,NA,1.239,ug/l,l01,cbl,NA,NA,NA,NA,39.00764,-76.5035
02060004,454715,bay736,twqm,trib,mddnr,mddnr,wt6.1,2019-01-15t00:00:00,10:08:00,6.2,NA,NA,5.2,b,ism,m1,salinity,NA,3.24,ppt,f01,NA,NA,NA,NA,NA,39.07851,-76.51005
02060004,454715,bay736,twqm,trib,mddnr,mddnr,wt6.1,2019-01-15t00:00:00,10:08:00,6.2,NA,NA,1,m,ism,m1,salinity,NA,2.27,ppt,f01,NA,NA,NA,NA,NA,39.07851,-76.51005
02060004,454715,bay736,twqm,trib,mddnr,mddnr,wt6.1,2019-01-15t00:00:00,10:08:00,6.2,NA,NA,2,m,ism,m1,salinity,NA,2.32,ppt,f01,NA,NA,NA,NA,NA,39.07851,-76.51005
02060004,454715,bay736,twqm,trib,mddnr,mddnr,wt6.1,2019-01-15t00:00:00,10:08:00,6.2,NA,NA,3,m,ism,m1,salinity,NA,2.33,ppt,f01,NA,NA,NA,NA,NA,39.07851,-76.51005
02060004,454715,bay736,twqm,trib,mddnr,mddnr,wt6.1,2019-01-15t00:00:00,10:08:00,6.2,NA,NA,4,m,ism,m1,salinity,NA,3.16,ppt,f01,NA,NA,NA,NA,NA,39.07851,-76.51005
02060004,454715,bay736,twqm,trib,mddnr,mddnr,wt6.1,2019-01-15t00:00:00,10:08:00,6.2,NA,NA,0.5,s,ism,m1,salinity,NA,2.27,ppt,f01,NA,NA,NA,NA,NA,39.07851,-76.51005
02060004,454716,bay736,twqm,trib,mddnr,mddnr,wt7.1,2019-01-15t00:00:00,10:57:00,9.4,NA,NA,8.4,b,ism,m1,salinity,NA,4.81,ppt,f01,NA,NA,NA,NA,NA,39.00764,-76.5035
02060004,454716,bay736,twqm,trib,mddnr,mddnr,wt7.1,2019-01-15t00:00:00,10:57:00,9.4,NA,NA,1,m,ism,m1,salinity,NA,4.09,ppt,f01,NA,NA,NA,NA,NA,39.00764,-76.5035
02060004,454716,bay736,twqm,trib,mddnr,mddnr,wt7.1,2019-01-15t00:00:00,10:57:00,9.4,NA,NA,2,m,ism,m1,salinity,NA,4.1,ppt,f01,NA,NA,NA,NA,NA,39.00764,-76.5035
02060004,454716,bay736,twqm,trib,mddnr,mddnr,wt7.1,2019-01-15t00:00:00,10:57:00,9.4,NA,NA,3,m,ism,m1,salinity,NA,4.12,ppt,f01,NA,NA,NA,NA,NA,39.00764,-76.5035
02060004,454716,bay736,twqm,trib,mddnr,mddnr,wt7.1,2019-01-15t00:00:00,10:57:00,9.4,NA,NA,4,m,ism,m1,salinity,NA,4.25,ppt,f01,NA,NA,NA,NA,NA,39.00764,-76.5035
02060004,454716,bay736,twqm,trib,mddnr,mddnr,wt7.1,2019-01-15t00:00:00,10:57:00,9.4,NA,NA,5,m,ism,m1,salinity,NA,4.44,ppt,f01,NA,NA,NA,NA,NA,39.00764,-76.5035
02060004,454716,bay736,twqm,trib,mddnr,mddnr,wt7.1,2019-01-15t00:00:00,10:57:00,9.4,NA,NA,6,m,ism,m1,salinity,NA,4.61,ppt,f01,NA,NA,NA,NA,NA,39.00764,-76.5035
02060004,454716,bay736,twqm,trib,mddnr,mddnr,wt7.1,2019-01-15t00:00:00,10:57:00,9.4,NA,NA,7,m,ism,m1,salinity,NA,4.67,ppt,f01,NA,NA,NA,NA,NA,39.00764,-76.5035
02060004,454716,bay736,twqm,trib,mddnr,mddnr,wt7.1,2019-01-15t00:00:00,10:57:00,9.4,NA,NA,8,m,ism,m1,salinity,NA,4.75,ppt,f01,NA,NA,NA,NA,NA,39.00764,-76.5035
02060004,454716,bay736,twqm,trib,mddnr,mddnr,wt7.1,2019-01-15t00:00:00,10:57:00,9.4,NA,NA,0.5,s,ism,m1,salinity,NA,4.08,ppt,f01,NA,NA,NA,NA,NA,39.00764,-76.5035
02060004,454717,bay736,twqm,trib,mddnr,mddnr,wt8.1,2019-01-15t00:00:00,12:14:00,7.5,NA,NA,6.5,b,ism,m1,salinity,NA,6.31,ppt,f01,NA,NA,NA,NA,NA,38.9496,-76.5461
02060004,454717,bay736,twqm,trib,mddnr,mddnr,wt8.1,2019-01-15t00:00:00,12:14:00,7.5,NA,NA,1,m,ism,m1,salinity,NA,4.24,ppt,f01,NA,NA,NA,NA,NA,38.9496,-76.5461
02060004,454717,bay736,twqm,trib,mddnr,mddnr,wt8.1,2019-01-15t00:00:00,12:14:00,7.5,NA,NA,2,m,ism,m1,salinity,NA,5.3,ppt,f01,NA,NA,NA,NA,NA,38.9496,-76.5461
02060004,454717,bay736,twqm,trib,mddnr,mddnr,wt8.1,2019-01-15t00:00:00,12:14:00,7.5,NA,NA,3,m,ism,m1,salinity,NA,5.69,ppt,f01,NA,NA,NA,NA,NA,38.9496,-76.5461
02060004,454717,bay736,twqm,trib,mddnr,mddnr,wt8.1,2019-01-15t00:00:00,12:14:00,7.5,NA,NA,4,m,ism,m1,salinity,NA,6,ppt,f01,NA,NA,NA,NA,NA,38.9496,-76.5461
02060004,454717,bay736,twqm,trib,mddnr,mddnr,wt8.1,2019-01-15t00:00:00,12:14:00,7.5,NA,NA,5,m,ism,m1,salinity,NA,6.25,ppt,f01,NA,NA,NA,NA,NA,38.9496,-76.5461
02060004,454717,bay736,twqm,trib,mddnr,mddnr,wt8.1,2019-01-15t00:00:00,12:14:00,7.5,NA,NA,6,m,ism,m1,salinity,NA,6.31,ppt,f01,NA,NA,NA,NA,NA,38.9496,-76.5461
02060004,454717,bay736,twqm,trib,mddnr,mddnr,wt8.1,2019-01-15t00:00:00,12:14:00,7.5,NA,NA,0.5,s,ism,m1,salinity,NA,3.58,ppt,f01,NA,NA,NA,NA,NA,38.9496,-76.5461
02060004,454718,bay736,twqm,trib,mddnr,mddnr,wt8.2,2019-01-15t00:00:00,11:35:00,3.3,NA,NA,2.3,b,ism,m1,salinity,NA,5.57,ppt,f01,NA,NA,NA,NA,NA,38.88696,-76.5349
02060004,454718,bay736,twqm,trib,mddnr,mddnr,wt8.2,2019-01-15t00:00:00,11:35:00,3.3,NA,NA,1,m,ism,m1,salinity,NA,4.74,ppt,f01,NA,NA,NA,NA,NA,38.88696,-76.5349
02060004,454718,bay736,twqm,trib,mddnr,mddnr,wt8.2,2019-01-15t00:00:00,11:35:00,3.3,NA,NA,2,m,ism,m1,salinity,NA,5.45,ppt,f01,NA,NA,NA,NA,NA,38.88696,-76.5349
02060004,454718,bay736,twqm,trib,mddnr,mddnr,wt8.2,2019-01-15t00:00:00,11:35:00,3.3,NA,NA,0.5,s,ism,m1,salinity,NA,4.51,ppt,f01,NA,NA,NA,NA,NA,38.88696,-76.5349
02060004,454719,bay736,twqm,trib,mddnr,mddnr,wt8.3,2019-01-15t00:00:00,11:50:00,3.9,NA,NA,2.9,b,ism,m1,salinity,NA,5.23,ppt,f01,NA,NA,NA,NA,NA,38.8425,-76.5341
02060004,454719,bay736,twqm,trib,mddnr,mddnr,wt8.3,2019-01-15t00:00:00,11:50:00,3.9,NA,NA,1,m,ism,m1,salinity,NA,4.52,ppt,f01,NA,NA,NA,NA,NA,38.8425,-76.5341
02060004,454719,bay736,twqm,trib,mddnr,mddnr,wt8.3,2019-01-15t00:00:00,11:50:00,3.9,NA,NA,2,m,ism,m1,salinity,NA,4.84,ppt,f01,NA,NA,NA,NA,NA,38.8425,-76.5341
02060004,454719,bay736,twqm,trib,mddnr,mddnr,wt8.3,2019-01-15t00:00:00,11:50:00,3.9,NA,NA,0.5,s,ism,m1,salinity,NA,4.52,ppt,f01,NA,NA,NA,NA,NA,38.8425,-76.5341
02060004,455049,bay738,twqm,trib,mddnr,mddnr,wt6.1,2019-02-11t00:00:00,08:52:00,5.9,NA,NA,4.9,b,ism,m1,salinity,NA,3.27,ppt,f01,NA,NA,NA,NA,NA,39.07851,-76.51005
02060004,455049,bay738,twqm,trib,mddnr,mddnr,wt6.1,2019-02-11t00:00:00,08:52:00,5.9,NA,NA,1,m,ism,m1,salinity,NA,2.81,ppt,f01,NA,NA,NA,NA,NA,39.07851,-76.51005
02060004,455049,bay738,twqm,trib,mddnr,mddnr,wt6.1,2019-02-11t00:00:00,08:52:00,5.9,NA,NA,2,m,ism,m1,salinity,NA,2.81,ppt,f01,NA,NA,NA,NA,NA,39.07851,-76.51005
02060004,455049,bay738,twqm,trib,mddnr,mddnr,wt6.1,2019-02-11t00:00:00,08:52:00,5.9,NA,NA,3,m,ism,m1,salinity,NA,2.81,ppt,f01,NA,NA,NA,NA,NA,39.07851,-76.51005
02060004,455049,bay738,twqm,trib,mddnr,mddnr,wt6.1,2019-02-11t00:00:00,08:52:00,5.9,NA,NA,4,m,ism,m1,salinity,NA,3.27,ppt,f01,NA,NA,NA,NA,NA,39.07851,-76.51005
02060004,455049,bay738,twqm,trib,mddnr,mddnr,wt6.1,2019-02-11t00:00:00,08:52:00,5.9,NA,NA,0.5,s,ism,m1,salinity,NA,2.81,ppt,f01,NA,NA,NA,NA,NA,39.07851,-76.51005
02060004,455052,bay738,twqm,trib,mddnr,mddnr,wt8.2,2019-02-11t00:00:00,10:46:00,2.6,NA,NA,1.6,b,ism,m1,salinity,NA,4.46,ppt,f01,NA,NA,NA,NA,NA,38.88696,-76.5349
02060004,455052,bay738,twqm,trib,mddnr,mddnr,wt8.2,2019-02-11t00:00:00,10:46:00,2.6,NA,NA,1,m,ism,m1,salinity,NA,4.44,ppt,f01,NA,NA,NA,NA,NA,38.88696,-76.5349
02060004,455052,bay738,twqm,trib,mddnr,mddnr,wt8.2,2019-02-11t00:00:00,10:46:00,2.6,NA,NA,0.5,s,ism,m1,salinity,NA,4.38,ppt,f01,NA,NA,NA,NA,NA,38.88696,-76.5349
02060004,455050,bay738,twqm,trib,mddnr,mddnr,wt7.1,2019-02-11t00:00:00,09:34:00,9.3,NA,NA,8.3,b,ism,m1,salinity,NA,5.82,ppt,f01,NA,NA,NA,NA,NA,39.00764,-76.5035
02060004,455050,bay738,twqm,trib,mddnr,mddnr,wt7.1,2019-02-11t00:00:00,09:34:00,9.3,NA,NA,1,m,ism,m1,salinity,NA,4.21,ppt,f01,NA,NA,NA,NA,NA,39.00764,-76.5035
02060004,455050,bay738,twqm,trib,mddnr,mddnr,wt7.1,2019-02-11t00:00:00,09:34:00,9.3,NA,NA,2,m,ism,m1,salinity,NA,4.25,ppt,f01,NA,NA,NA,NA,NA,39.00764,-76.5035
02060004,455050,bay738,twqm,trib,mddnr,mddnr,wt7.1,2019-02-11t00:00:00,09:34:00,9.3,NA,NA,3,m,ism,m1,salinity,NA,4.34,ppt,f01,NA,NA,NA,NA,NA,39.00764,-76.5035
02060004,455050,bay738,twqm,trib,mddnr,mddnr,wt7.1,2019-02-11t00:00:00,09:34:00,9.3,NA,NA,4,m,ism,m1,salinity,NA,4.43,ppt,f01,NA,NA,NA,NA,NA,39.00764,-76.5035
02060004,455050,bay738,twqm,trib,mddnr,mddnr,wt7.1,2019-02-11t00:00:00,09:34:00,9.3,NA,NA,5,m,ism,m1,salinity,NA,4.59,ppt,f01,NA,NA,NA,NA,NA,39.00764,-76.5035
02060004,455050,bay738,twqm,trib,mddnr,mddnr,wt7.1,2019-02-11t00:00:00,09:34:00,9.3,NA,NA,6,m,ism,m1,salinity,NA,4.77,ppt,f01,NA,NA,NA,NA,NA,39.00764,-76.5035
02060004,455050,bay738,twqm,trib,mddnr,mddnr,wt7.1,2019-02-11t00:00:00,09:34:00,9.3,NA,NA,7,m,ism,m1,salinity,NA,4.87,ppt,f01,NA,NA,NA,NA,NA,39.00764,-76.5035
02060004,455050,bay738,twqm,trib,mddnr,mddnr,wt7.1,2019-02-11t00:00:00,09:34:00,9.3,NA,NA,8,m,ism,m1,salinity,NA,5.35,ppt,f01,NA,NA,NA,NA,NA,39.00764,-76.5035
02060004,455050,bay738,twqm,trib,mddnr,mddnr,wt7.1,2019-02-11t00:00:00,09:34:00,9.3,NA,NA,0.5,s,ism,m1,salinity,NA,4.1,ppt,f01,NA,NA,NA,NA,NA,39.00764,-76.5035
02060004,455051,bay738,twqm,trib,mddnr,mddnr,wt8.1,2019-02-11t00:00:00,10:09:00,8,NA,NA,7,b,ism,m1,salinity,NA,6.8,ppt,f01,NA,NA,NA,NA,NA,38.9496,-76.5461
02060004,455051,bay738,twqm,trib,mddnr,mddnr,wt8.1,2019-02-11t00:00:00,10:09:00,8,NA,NA,1,m,ism,m1,salinity,NA,4.7,ppt,f01,NA,NA,NA,NA,NA,38.9496,-76.5461
02060004,455051,bay738,twqm,trib,mddnr,mddnr,wt8.1,2019-02-11t00:00:00,10:09:00,8,NA,NA,2,m,ism,m1,salinity,NA,4.72,ppt,f01,NA,NA,NA,NA,NA,38.9496,-76.5461
02060004,455051,bay738,twqm,trib,mddnr,mddnr,wt8.1,2019-02-11t00:00:00,10:09:00,8,NA,NA,3,m,ism,m1,salinity,NA,4.72,ppt,f01,NA,NA,NA,NA,NA,38.9496,-76.5461
02060004,455051,bay738,twqm,trib,mddnr,mddnr,wt8.1,2019-02-11t00:00:00,10:09:00,8,NA,NA,4,m,ism,m1,salinity,NA,4.75,ppt,f01,NA,NA,NA,NA,NA,38.9496,-76.5461
02060004,455051,bay738,twqm,trib,mddnr,mddnr,wt8.1,2019-02-11t00:00:00,10:09:00,8,NA,NA,5,m,ism,m1,salinity,NA,6.37,ppt,f01,NA,NA,NA,NA,NA,38.9496,-76.5461
02060004,455051,bay738,twqm,trib,mddnr,mddnr,wt8.1,2019-02-11t00:00:00,10:09:00,8,NA,NA,6,m,ism,m1,salinity,NA,6.74,ppt,f01,NA,NA,NA,NA,NA,38.9496,-76.5461
02060004,455051,bay738,twqm,trib,mddnr,mddnr,wt8.1,2019-02-11t00:00:00,10:09:00,8,NA,NA,0.5,s,ism,m1,salinity,NA,4.7,ppt,f01,NA,NA,NA,NA,NA,38.9496,-76.5461
02060004,455053,bay738,twqm,trib,mddnr,mddnr,wt8.3,2019-02-11t00:00:00,10:34:00,3.7,NA,NA,2.7,b,ism,m1,salinity,NA,4.56,ppt,f01,NA,NA,NA,NA,NA,38.8425,-76.5341
02060004,455053,bay738,twqm,trib,mddnr,mddnr,wt8.3,2019-02-11t00:00:00,10:34:00,3.7,NA,NA,1,m,ism,m1,salinity,NA,4.55,ppt,f01,NA,NA,NA,NA,NA,38.8425,-76.5341
02060004,455053,bay738,twqm,trib,mddnr,mddnr,wt8.3,2019-02-11t00:00:00,10:34:00,3.7,NA,NA,2,m,ism,m1,salinity,NA,4.55,ppt,f01,NA,NA,NA,NA,NA,38.8425,-76.5341
02060004,455053,bay738,twqm,trib,mddnr,mddnr,wt8.3,2019-02-11t00:00:00,10:34:00,3.7,NA,NA,0.5,s,ism,m1,salinity,NA,4.54,ppt,f01,NA,NA,NA,NA,NA,38.8425,-76.5341
02060004,455158,bay740,twqm,trib,mddnr,mddnr,wt7.1,2019-03-14t00:00:00,10:49:00,10.1,NA,NA,9.1,b,ism,m1,salinity,NA,7.62,ppt,f01,NA,NA,NA,NA,NA,39.00764,-76.5035
02060004,455158,bay740,twqm,trib,mddnr,mddnr,wt7.1,2019-03-14t00:00:00,10:49:00,10.1,NA,NA,1,m,ism,m1,salinity,NA,6.06,ppt,f01,NA,NA,NA,NA,NA,39.00764,-76.5035
02060004,455158,bay740,twqm,trib,mddnr,mddnr,wt7.1,2019-03-14t00:00:00,10:49:00,10.1,NA,NA,2,m,ism,m1,salinity,NA,6.19,ppt,f01,NA,NA,NA,NA,NA,39.00764,-76.5035
02060004,455158,bay740,twqm,trib,mddnr,mddnr,wt7.1,2019-03-14t00:00:00,10:49:00,10.1,NA,NA,3,m,ism,m1,salinity,NA,6.25,ppt,f01,NA,NA,NA,NA,NA,39.00764,-76.5035
02060004,455158,bay740,twqm,trib,mddnr,mddnr,wt7.1,2019-03-14t00:00:00,10:49:00,10.1,NA,NA,4,m,ism,m1,salinity,NA,6.31,ppt,f01,NA,NA,NA,NA,NA,39.00764,-76.5035
02060004,455158,bay740,twqm,trib,mddnr,mddnr,wt7.1,2019-03-14t00:00:00,10:49:00,10.1,NA,NA,5,m,ism,m1,salinity,NA,6.43,ppt,f01,NA,NA,NA,NA,NA,39.00764,-76.5035
02060004,455158,bay740,twqm,trib,mddnr,mddnr,wt7.1,2019-03-14t00:00:00,10:49:00,10.1,NA,NA,6,m,ism,m1,salinity,NA,6.87,ppt,f01,NA,NA,NA,NA,NA,39.00764,-76.5035
02060004,455158,bay740,twqm,trib,mddnr,mddnr,wt7.1,2019-03-14t00:00:00,10:49:00,10.1,NA,NA,7,m,ism,m1,salinity,NA,7.3,ppt,f01,NA,NA,NA,NA,NA,39.00764,-76.5035
02060004,455158,bay740,twqm,trib,mddnr,mddnr,wt7.1,2019-03-14t00:00:00,10:49:00,10.1,NA,NA,8,m,ism,m1,salinity,NA,7.56,ppt,f01,NA,NA,NA,NA,NA,39.00764,-76.5035
02060004,455158,bay740,twqm,trib,mddnr,mddnr,wt7.1,2019-03-14t00:00:00,10:49:00,10.1,NA,NA,0.5,s,ism,m1,salinity,NA,6.06,ppt,f01,NA,NA,NA,NA,NA,39.00764,-76.5035
02060004,455157,bay740,twqm,trib,mddnr,mddnr,wt6.1,2019-03-14t00:00:00,11:36:00,6.3,NA,NA,5.3,b,ism,m1,salinity,NA,6.43,ppt,f01,NA,NA,NA,NA,NA,39.07851,-76.51005
02060004,455157,bay740,twqm,trib,mddnr,mddnr,wt6.1,2019-03-14t00:00:00,11:36:00,6.3,NA,NA,1,m,ism,m1,salinity,NA,5.04,ppt,f01,NA,NA,NA,NA,NA,39.07851,-76.51005
02060004,455157,bay740,twqm,trib,mddnr,mddnr,wt6.1,2019-03-14t00:00:00,11:36:00,6.3,NA,NA,2,m,ism,m1,salinity,NA,5.07,ppt,f01,NA,NA,NA,NA,NA,39.07851,-76.51005
02060004,455157,bay740,twqm,trib,mddnr,mddnr,wt6.1,2019-03-14t00:00:00,11:36:00,6.3,NA,NA,3,m,ism,m1,salinity,NA,5.19,ppt,f01,NA,NA,NA,NA,NA,39.07851,-76.51005
02060004,455157,bay740,twqm,trib,mddnr,mddnr,wt6.1,2019-03-14t00:00:00,11:36:00,6.3,NA,NA,4,m,ism,m1,salinity,NA,5.57,ppt,f01,NA,NA,NA,NA,NA,39.07851,-76.51005
02060004,455157,bay740,twqm,trib,mddnr,mddnr,wt6.1,2019-03-14t00:00:00,11:36:00,6.3,NA,NA,5,m,ism,m1,salinity,NA,6.31,ppt,f01,NA,NA,NA,NA,NA,39.07851,-76.51005
02060004,455157,bay740,twqm,trib,mddnr,mddnr,wt6.1,2019-03-14t00:00:00,11:36:00,6.3,NA,NA,0.5,s,ism,m1,salinity,NA,5.01,ppt,f01,NA,NA,NA,NA,NA,39.07851,-76.51005
02060004,455161,bay740,twqm,trib,mddnr,mddnr,wt8.3,2019-03-14t00:00:00,09:25:00,4,NA,NA,3,b,ism,m1,salinity,NA,6.74,ppt,f01,NA,NA,NA,NA,NA,38.8425,-76.5341
02060004,455161,bay740,twqm,trib,mddnr,mddnr,wt8.3,2019-03-14t00:00:00,09:25:00,4,NA,NA,1,m,ism,m1,salinity,NA,6.12,ppt,f01,NA,NA,NA,NA,NA,38.8425,-76.5341
02060004,455161,bay740,twqm,trib,mddnr,mddnr,wt8.3,2019-03-14t00:00:00,09:25:00,4,NA,NA,2,m,ism,m1,salinity,NA,6.19,ppt,f01,NA,NA,NA,NA,NA,38.8425,-76.5341
02060004,455161,bay740,twqm,trib,mddnr,mddnr,wt8.3,2019-03-14t00:00:00,09:25:00,4,NA,NA,0.5,s,ism,m1,salinity,NA,6.06,ppt,f01,NA,NA,NA,NA,NA,38.8425,-76.5341
02060004,455160,bay740,twqm,trib,mddnr,mddnr,wt8.2,2019-03-14t00:00:00,09:38:00,2.8,NA,NA,1.8,b,ism,m1,salinity,NA,6.25,ppt,f01,NA,NA,NA,NA,NA,38.88696,-76.5349
02060004,455160,bay740,twqm,trib,mddnr,mddnr,wt8.2,2019-03-14t00:00:00,09:38:00,2.8,NA,NA,1,m,ism,m1,salinity,NA,5.94,ppt,f01,NA,NA,NA,NA,NA,38.88696,-76.5349
02060004,455160,bay740,twqm,trib,mddnr,mddnr,wt8.2,2019-03-14t00:00:00,09:38:00,2.8,NA,NA,0.5,s,ism,m1,salinity,NA,5.69,ppt,f01,NA,NA,NA,NA,NA,38.88696,-76.5349
02060004,455159,bay740,twqm,trib,mddnr,mddnr,wt8.1,2019-03-14t00:00:00,10:07:00,8.1,NA,NA,7.1,b,ism,m1,salinity,NA,7.87,ppt,f01,NA,NA,NA,NA,NA,38.9496,-76.5461
02060004,455159,bay740,twqm,trib,mddnr,mddnr,wt8.1,2019-03-14t00:00:00,10:07:00,8.1,NA,NA,1,m,ism,m1,salinity,NA,5.69,ppt,f01,NA,NA,NA,NA,NA,38.9496,-76.5461
02060004,455159,bay740,twqm,trib,mddnr,mddnr,wt8.1,2019-03-14t00:00:00,10:07:00,8.1,NA,NA,2,m,ism,m1,salinity,NA,5.69,ppt,f01,NA,NA,NA,NA,NA,38.9496,-76.5461
02060004,455159,bay740,twqm,trib,mddnr,mddnr,wt8.1,2019-03-14t00:00:00,10:07:00,8.1,NA,NA,3,m,ism,m1,salinity,NA,5.76,ppt,f01,NA,NA,NA,NA,NA,38.9496,-76.5461
02060004,455159,bay740,twqm,trib,mddnr,mddnr,wt8.1,2019-03-14t00:00:00,10:07:00,8.1,NA,NA,4,m,ism,m1,salinity,NA,5.94,ppt,f01,NA,NA,NA,NA,NA,38.9496,-76.5461
02060004,455159,bay740,twqm,trib,mddnr,mddnr,wt8.1,2019-03-14t00:00:00,10:07:00,8.1,NA,NA,5,m,ism,m1,salinity,NA,7.81,ppt,f01,NA,NA,NA,NA,NA,38.9496,-76.5461
02060004,455159,bay740,twqm,trib,mddnr,mddnr,wt8.1,2019-03-14t00:00:00,10:07:00,8.1,NA,NA,6,m,ism,m1,salinity,NA,7.87,ppt,f01,NA,NA,NA,NA,NA,38.9496,-76.5461
02060004,455159,bay740,twqm,trib,mddnr,mddnr,wt8.1,2019-03-14t00:00:00,10:07:00,8.1,NA,NA,0.5,s,ism,m1,salinity,NA,5.63,ppt,f01,NA,NA,NA,NA,NA,38.9496,-76.5461
02060004,456233,bay743,twqm,trib,mddnr,mddnr,wt7.1,2019-04-16t00:00:00,10:12:00,11,NA,NA,10,b,ism,m1,salinity,NA,4.9,ppt,f01,NA,NA,NA,NA,NA,39.00764,-76.5035
02060004,456233,bay743,twqm,trib,mddnr,mddnr,wt7.1,2019-04-16t00:00:00,10:12:00,11,NA,NA,1,m,ism,m1,salinity,NA,4.84,ppt,f01,NA,NA,NA,NA,NA,39.00764,-76.5035
02060004,456233,bay743,twqm,trib,mddnr,mddnr,wt7.1,2019-04-16t00:00:00,10:12:00,11,NA,NA,2,m,ism,m1,salinity,NA,4.84,ppt,f01,NA,NA,NA,NA,NA,39.00764,-76.5035
02060004,456233,bay743,twqm,trib,mddnr,mddnr,wt7.1,2019-04-16t00:00:00,10:12:00,11,NA,NA,3,m,ism,m1,salinity,NA,4.9,ppt,f01,NA,NA,NA,NA,NA,39.00764,-76.5035
02060004,456233,bay743,twqm,trib,mddnr,mddnr,wt7.1,2019-04-16t00:00:00,10:12:00,11,NA,NA,4,m,ism,m1,salinity,NA,4.84,ppt,f01,NA,NA,NA,NA,NA,39.00764,-76.5035
02060004,456233,bay743,twqm,trib,mddnr,mddnr,wt7.1,2019-04-16t00:00:00,10:12:00,11,NA,NA,5,m,ism,m1,salinity,NA,4.84,ppt,f01,NA,NA,NA,NA,NA,39.00764,-76.5035
02060004,456233,bay743,twqm,trib,mddnr,mddnr,wt7.1,2019-04-16t00:00:00,10:12:00,11,NA,NA,6,m,ism,m1,salinity,NA,4.9,ppt,f01,NA,NA,NA,NA,NA,39.00764,-76.5035
02060004,456233,bay743,twqm,trib,mddnr,mddnr,wt7.1,2019-04-16t00:00:00,10:12:00,11,NA,NA,7,m,ism,m1,salinity,NA,4.9,ppt,f01,NA,NA,NA,NA,NA,39.00764,-76.5035
02060004,456233,bay743,twqm,trib,mddnr,mddnr,wt7.1,2019-04-16t00:00:00,10:12:00,11,NA,NA,8,m,ism,m1,salinity,NA,4.9,ppt,f01,NA,NA,NA,NA,NA,39.00764,-76.5035
02060004,456233,bay743,twqm,trib,mddnr,mddnr,wt7.1,2019-04-16t00:00:00,10:12:00,11,NA,NA,9,m,ism,m1,salinity,NA,4.9,ppt,f01,NA,NA,NA,NA,NA,39.00764,-76.5035
02060004,456233,bay743,twqm,trib,mddnr,mddnr,wt7.1,2019-04-16t00:00:00,10:12:00,11,NA,NA,0.5,s,ism,m1,salinity,NA,4.84,ppt,f01,NA,NA,NA,NA,NA,39.00764,-76.5035
02060004,456232,bay743,twqm,trib,mddnr,mddnr,wt6.1,2019-04-16t00:00:00,08:48:00,4.2,NA,NA,3.2,b,ism,m1,salinity,NA,3.41,ppt,f01,NA,NA,NA,NA,NA,39.07851,-76.51005
02060004,456232,bay743,twqm,trib,mddnr,mddnr,wt6.1,2019-04-16t00:00:00,08:48:00,4.2,NA,NA,1,m,ism,m1,salinity,NA,3.41,ppt,f01,NA,NA,NA,NA,NA,39.07851,-76.51005
02060004,456232,bay743,twqm,trib,mddnr,mddnr,wt6.1,2019-04-16t00:00:00,08:48:00,4.2,NA,NA,2,m,ism,m1,salinity,NA,3.41,ppt,f01,NA,NA,NA,NA,NA,39.07851,-76.51005
02060004,456232,bay743,twqm,trib,mddnr,mddnr,wt6.1,2019-04-16t00:00:00,08:48:00,4.2,NA,NA,3,m,ism,m1,salinity,NA,3.41,ppt,f01,NA,NA,NA,NA,NA,39.07851,-76.51005
02060004,456232,bay743,twqm,trib,mddnr,mddnr,wt6.1,2019-04-16t00:00:00,08:48:00,4.2,NA,NA,0.5,s,ism,m1,salinity,NA,3.41,ppt,f01,NA,NA,NA,NA,NA,39.07851,-76.51005
02060004,456236,bay743,twqm,trib,mddnr,mddnr,wt8.3,2019-04-16t00:00:00,12:08:00,2.3,NA,NA,1.3,b,ism,m1,salinity,NA,5.21,ppt,f01,NA,NA,NA,NA,NA,38.8425,-76.5341
02060004,456236,bay743,twqm,trib,mddnr,mddnr,wt8.3,2019-04-16t00:00:00,12:08:00,2.3,NA,NA,1,m,ism,m1,salinity,NA,5.21,ppt,f01,NA,NA,NA,NA,NA,38.8425,-76.5341
02060004,456236,bay743,twqm,trib,mddnr,mddnr,wt8.3,2019-04-16t00:00:00,12:08:00,2.3,NA,NA,0.5,s,ism,m1,salinity,NA,5.21,ppt,f01,NA,NA,NA,NA,NA,38.8425,-76.5341
02060004,456235,bay743,twqm,trib,mddnr,mddnr,wt8.2,2019-04-16t00:00:00,12:47:00,2.6,NA,NA,1.6,b,ism,m1,salinity,NA,4.9,ppt,f01,NA,NA,NA,NA,NA,38.88696,-76.5349
02060004,456235,bay743,twqm,trib,mddnr,mddnr,wt8.2,2019-04-16t00:00:00,12:47:00,2.6,NA,NA,1,m,ism,m1,salinity,NA,4.78,ppt,f01,NA,NA,NA,NA,NA,38.88696,-76.5349
02060004,456235,bay743,twqm,trib,mddnr,mddnr,wt8.2,2019-04-16t00:00:00,12:47:00,2.6,NA,NA,0.5,s,ism,m1,salinity,NA,4.72,ppt,f01,NA,NA,NA,NA,NA,38.88696,-76.5349
02060004,456234,bay743,twqm,trib,mddnr,mddnr,wt8.1,2019-04-16t00:00:00,11:18:00,5.4,NA,NA,4.4,b,ism,m1,salinity,NA,4.84,ppt,f01,NA,NA,NA,NA,NA,38.9496,-76.5461
02060004,456234,bay743,twqm,trib,mddnr,mddnr,wt8.1,2019-04-16t00:00:00,11:18:00,5.4,NA,NA,1,m,ism,m1,salinity,NA,4.84,ppt,f01,NA,NA,NA,NA,NA,38.9496,-76.5461
02060004,456234,bay743,twqm,trib,mddnr,mddnr,wt8.1,2019-04-16t00:00:00,11:18:00,5.4,NA,NA,2,m,ism,m1,salinity,NA,4.84,ppt,f01,NA,NA,NA,NA,NA,38.9496,-76.5461
02060004,456234,bay743,twqm,trib,mddnr,mddnr,wt8.1,2019-04-16t00:00:00,11:18:00,5.4,NA,NA,3,m,ism,m1,salinity,NA,4.84,ppt,f01,NA,NA,NA,NA,NA,38.9496,-76.5461
02060004,456234,bay743,twqm,trib,mddnr,mddnr,wt8.1,2019-04-16t00:00:00,11:18:00,5.4,NA,NA,4,m,ism,m1,salinity,NA,4.84,ppt,f01,NA,NA,NA,NA,NA,38.9496,-76.5461
02060004,456234,bay743,twqm,trib,mddnr,mddnr,wt8.1,2019-04-16t00:00:00,11:18:00,5.4,NA,NA,0.5,s,ism,m1,salinity,NA,4.84,ppt,f01,NA,NA,NA,NA,NA,38.9496,-76.5461
02060004,456125,bay744,twqm,trib,mddnr,mddnr,wt7.1,2019-05-14t00:00:00,09:51:00,9.3,NA,NA,8.3,b,ism,m1,salinity,NA,3.93,ppt,f01,NA,NA,NA,NA,NA,39.00764,-76.5035
02060004,456125,bay744,twqm,trib,mddnr,mddnr,wt7.1,2019-05-14t00:00:00,09:51:00,9.3,NA,NA,1,m,ism,m1,salinity,NA,3.91,ppt,f01,NA,NA,NA,NA,NA,39.00764,-76.5035
02060004,456125,bay744,twqm,trib,mddnr,mddnr,wt7.1,2019-05-14t00:00:00,09:51:00,9.3,NA,NA,2,m,ism,m1,salinity,NA,3.91,ppt,f01,NA,NA,NA,NA,NA,39.00764,-76.5035
02060004,456125,bay744,twqm,trib,mddnr,mddnr,wt7.1,2019-05-14t00:00:00,09:51:00,9.3,NA,NA,3,m,ism,m1,salinity,NA,3.92,ppt,f01,NA,NA,NA,NA,NA,39.00764,-76.5035
02060004,456125,bay744,twqm,trib,mddnr,mddnr,wt7.1,2019-05-14t00:00:00,09:51:00,9.3,NA,NA,4,m,ism,m1,salinity,NA,3.92,ppt,f01,NA,NA,NA,NA,NA,39.00764,-76.5035
02060004,456125,bay744,twqm,trib,mddnr,mddnr,wt7.1,2019-05-14t00:00:00,09:51:00,9.3,NA,NA,5,m,ism,m1,salinity,NA,3.92,ppt,f01,NA,NA,NA,NA,NA,39.00764,-76.5035
02060004,456125,bay744,twqm,trib,mddnr,mddnr,wt7.1,2019-05-14t00:00:00,09:51:00,9.3,NA,NA,6,m,ism,m1,salinity,NA,3.92,ppt,f01,NA,NA,NA,NA,NA,39.00764,-76.5035
02060004,456125,bay744,twqm,trib,mddnr,mddnr,wt7.1,2019-05-14t00:00:00,09:51:00,9.3,NA,NA,7,m,ism,m1,salinity,NA,3.93,ppt,f01,NA,NA,NA,NA,NA,39.00764,-76.5035
02060004,456125,bay744,twqm,trib,mddnr,mddnr,wt7.1,2019-05-14t00:00:00,09:51:00,9.3,NA,NA,8,m,ism,m1,salinity,NA,3.93,ppt,f01,NA,NA,NA,NA,NA,39.00764,-76.5035
02060004,456125,bay744,twqm,trib,mddnr,mddnr,wt7.1,2019-05-14t00:00:00,09:51:00,9.3,NA,NA,0.5,s,ism,m1,salinity,NA,3.91,ppt,f01,NA,NA,NA,NA,NA,39.00764,-76.5035
02060004,456124,bay744,twqm,trib,mddnr,mddnr,wt6.1,2019-05-14t00:00:00,08:48:00,5.9,NA,NA,4.9,b,ism,m1,salinity,NA,2.29,ppt,f01,NA,NA,NA,NA,NA,39.07851,-76.51005
02060004,456124,bay744,twqm,trib,mddnr,mddnr,wt6.1,2019-05-14t00:00:00,08:48:00,5.9,NA,NA,1,m,ism,m1,salinity,NA,2.23,ppt,f01,NA,NA,NA,NA,NA,39.07851,-76.51005
02060004,456124,bay744,twqm,trib,mddnr,mddnr,wt6.1,2019-05-14t00:00:00,08:48:00,5.9,NA,NA,2,m,ism,m1,salinity,NA,2.24,ppt,f01,NA,NA,NA,NA,NA,39.07851,-76.51005
02060004,456124,bay744,twqm,trib,mddnr,mddnr,wt6.1,2019-05-14t00:00:00,08:48:00,5.9,NA,NA,3,m,ism,m1,salinity,NA,2.24,ppt,f01,NA,NA,NA,NA,NA,39.07851,-76.51005
02060004,456124,bay744,twqm,trib,mddnr,mddnr,wt6.1,2019-05-14t00:00:00,08:48:00,5.9,NA,NA,4,m,ism,m1,salinity,NA,2.27,ppt,f01,NA,NA,NA,NA,NA,39.07851,-76.51005
02060004,456124,bay744,twqm,trib,mddnr,mddnr,wt6.1,2019-05-14t00:00:00,08:48:00,5.9,NA,NA,0.5,s,ism,m1,salinity,NA,2.23,ppt,f01,NA,NA,NA,NA,NA,39.07851,-76.51005
02060004,456127,bay744,twqm,trib,mddnr,mddnr,wt8.2,2019-05-14t00:00:00,11:09:00,2.9,NA,NA,1.9,b,ism,m1,salinity,NA,3.48,ppt,f01,NA,NA,NA,NA,NA,38.88696,-76.5349
02060004,456127,bay744,twqm,trib,mddnr,mddnr,wt8.2,2019-05-14t00:00:00,11:09:00,2.9,NA,NA,1,m,ism,m1,salinity,NA,3.26,ppt,f01,NA,NA,NA,NA,NA,38.88696,-76.5349
02060004,456127,bay744,twqm,trib,mddnr,mddnr,wt8.2,2019-05-14t00:00:00,11:09:00,2.9,NA,NA,0.5,s,ism,m1,salinity,NA,3.27,ppt,f01,NA,NA,NA,NA,NA,38.88696,-76.5349
02060004,456126,bay744,twqm,trib,mddnr,mddnr,wt8.1,2019-05-14t00:00:00,10:26:00,7.3,NA,NA,6.3,b,ism,m1,salinity,NA,3.89,ppt,f01,NA,NA,NA,NA,NA,38.9496,-76.5461
02060004,456126,bay744,twqm,trib,mddnr,mddnr,wt8.1,2019-05-14t00:00:00,10:26:00,7.3,NA,NA,1,m,ism,m1,salinity,NA,3.61,ppt,f01,NA,NA,NA,NA,NA,38.9496,-76.5461
02060004,456126,bay744,twqm,trib,mddnr,mddnr,wt8.1,2019-05-14t00:00:00,10:26:00,7.3,NA,NA,2,m,ism,m1,salinity,NA,3.61,ppt,f01,NA,NA,NA,NA,NA,38.9496,-76.5461
02060004,456126,bay744,twqm,trib,mddnr,mddnr,wt8.1,2019-05-14t00:00:00,10:26:00,7.3,NA,NA,3,m,ism,m1,salinity,NA,3.89,ppt,f01,NA,NA,NA,NA,NA,38.9496,-76.5461
02060004,456126,bay744,twqm,trib,mddnr,mddnr,wt8.1,2019-05-14t00:00:00,10:26:00,7.3,NA,NA,4,m,ism,m1,salinity,NA,3.89,ppt,f01,NA,NA,NA,NA,NA,38.9496,-76.5461
02060004,456126,bay744,twqm,trib,mddnr,mddnr,wt8.1,2019-05-14t00:00:00,10:26:00,7.3,NA,NA,5,m,ism,m1,salinity,NA,3.89,ppt,f01,NA,NA,NA,NA,NA,38.9496,-76.5461
02060004,456126,bay744,twqm,trib,mddnr,mddnr,wt8.1,2019-05-14t00:00:00,10:26:00,7.3,NA,NA,6,m,ism,m1,salinity,NA,3.89,ppt,f01,NA,NA,NA,NA,NA,38.9496,-76.5461
02060004,456126,bay744,twqm,trib,mddnr,mddnr,wt8.1,2019-05-14t00:00:00,10:26:00,7.3,NA,NA,0.5,s,ism,m1,salinity,NA,3.61,ppt,f01,NA,NA,NA,NA,NA,38.9496,-76.5461
02060004,456128,bay744,twqm,trib,mddnr,mddnr,wt8.3,2019-05-14t00:00:00,10:54:00,3.9,NA,NA,2.9,b,ism,m1,salinity,NA,3.87,ppt,f01,NA,NA,NA,NA,NA,38.8425,-76.5341
02060004,456128,bay744,twqm,trib,mddnr,mddnr,wt8.3,2019-05-14t00:00:00,10:54:00,3.9,NA,NA,1,m,ism,m1,salinity,NA,3.87,ppt,f01,NA,NA,NA,NA,NA,38.8425,-76.5341
02060004,456128,bay744,twqm,trib,mddnr,mddnr,wt8.3,2019-05-14t00:00:00,10:54:00,3.9,NA,NA,2,m,ism,m1,salinity,NA,3.87,ppt,f01,NA,NA,NA,NA,NA,38.8425,-76.5341
02060004,456128,bay744,twqm,trib,mddnr,mddnr,wt8.3,2019-05-14t00:00:00,10:54:00,3.9,NA,NA,0.5,s,ism,m1,salinity,NA,3.87,ppt,f01,NA,NA,NA,NA,NA,38.8425,-76.5341
02060004,456371,bay747,twqm,trib,mddnr,mddnr,wt7.1,2019-06-17t00:00:00,10:01:00,9.8,NA,NA,8.8,b,ism,m1,salinity,NA,5.76,ppt,f01,NA,NA,NA,NA,NA,39.00764,-76.5035
02060004,456371,bay747,twqm,trib,mddnr,mddnr,wt7.1,2019-06-17t00:00:00,10:01:00,9.8,NA,NA,1,m,ism,m1,salinity,NA,4.24,ppt,f01,NA,NA,NA,NA,NA,39.00764,-76.5035
02060004,456371,bay747,twqm,trib,mddnr,mddnr,wt7.1,2019-06-17t00:00:00,10:01:00,9.8,NA,NA,2,m,ism,m1,salinity,NA,4.3,ppt,f01,NA,NA,NA,NA,NA,39.00764,-76.5035
02060004,456371,bay747,twqm,trib,mddnr,mddnr,wt7.1,2019-06-17t00:00:00,10:01:00,9.8,NA,NA,3,m,ism,m1,salinity,NA,4.54,ppt,f01,NA,NA,NA,NA,NA,39.00764,-76.5035
02060004,456371,bay747,twqm,trib,mddnr,mddnr,wt7.1,2019-06-17t00:00:00,10:01:00,9.8,NA,NA,4,m,ism,m1,salinity,NA,4.84,ppt,f01,NA,NA,NA,NA,NA,39.00764,-76.5035
02060004,456371,bay747,twqm,trib,mddnr,mddnr,wt7.1,2019-06-17t00:00:00,10:01:00,9.8,NA,NA,5,m,ism,m1,salinity,NA,5.39,ppt,f01,NA,NA,NA,NA,NA,39.00764,-76.5035
02060004,456371,bay747,twqm,trib,mddnr,mddnr,wt7.1,2019-06-17t00:00:00,10:01:00,9.8,NA,NA,6,m,ism,m1,salinity,NA,5.63,ppt,f01,NA,NA,NA,NA,NA,39.00764,-76.5035
02060004,456371,bay747,twqm,trib,mddnr,mddnr,wt7.1,2019-06-17t00:00:00,10:01:00,9.8,NA,NA,7,m,ism,m1,salinity,NA,5.69,ppt,f01,NA,NA,NA,NA,NA,39.00764,-76.5035
02060004,456371,bay747,twqm,trib,mddnr,mddnr,wt7.1,2019-06-17t00:00:00,10:01:00,9.8,NA,NA,8,m,ism,m1,salinity,NA,5.76,ppt,f01,NA,NA,NA,NA,NA,39.00764,-76.5035
02060004,456371,bay747,twqm,trib,mddnr,mddnr,wt7.1,2019-06-17t00:00:00,10:01:00,9.8,NA,NA,0.5,s,ism,m1,salinity,NA,4.18,ppt,f01,NA,NA,NA,NA,NA,39.00764,-76.5035
02060004,456370,bay747,twqm,trib,mddnr,mddnr,wt6.1,2019-06-17t00:00:00,09:01:00,6,NA,NA,5,b,ism,m1,salinity,NA,4.96,ppt,f01,NA,NA,NA,NA,NA,39.07851,-76.51005
02060004,456370,bay747,twqm,trib,mddnr,mddnr,wt6.1,2019-06-17t00:00:00,09:01:00,6,NA,NA,1,m,ism,m1,salinity,NA,2.37,ppt,f01,NA,NA,NA,NA,NA,39.07851,-76.51005
02060004,456370,bay747,twqm,trib,mddnr,mddnr,wt6.1,2019-06-17t00:00:00,09:01:00,6,NA,NA,2,m,ism,m1,salinity,NA,3.3,ppt,f01,NA,NA,NA,NA,NA,39.07851,-76.51005
02060004,456370,bay747,twqm,trib,mddnr,mddnr,wt6.1,2019-06-17t00:00:00,09:01:00,6,NA,NA,3,m,ism,m1,salinity,NA,4.3,ppt,f01,NA,NA,NA,NA,NA,39.07851,-76.51005
02060004,456370,bay747,twqm,trib,mddnr,mddnr,wt6.1,2019-06-17t00:00:00,09:01:00,6,NA,NA,4,m,ism,m1,salinity,NA,4.66,ppt,f01,NA,NA,NA,NA,NA,39.07851,-76.51005
02060004,456370,bay747,twqm,trib,mddnr,mddnr,wt6.1,2019-06-17t00:00:00,09:01:00,6,NA,NA,0.5,s,ism,m1,salinity,NA,2.25,ppt,f01,NA,NA,NA,NA,NA,39.07851,-76.51005
02060004,456374,bay747,twqm,trib,mddnr,mddnr,wt8.3,2019-06-17t00:00:00,11:58:00,3.7,NA,NA,2.7,b,ism,m1,salinity,NA,6.87,ppt,f01,NA,NA,NA,NA,NA,38.8425,-76.5341
02060004,456374,bay747,twqm,trib,mddnr,mddnr,wt8.3,2019-06-17t00:00:00,11:58:00,3.7,NA,NA,1,m,ism,m1,salinity,NA,5.33,ppt,f01,NA,NA,NA,NA,NA,38.8425,-76.5341
02060004,456374,bay747,twqm,trib,mddnr,mddnr,wt8.3,2019-06-17t00:00:00,11:58:00,3.7,NA,NA,2,m,ism,m1,salinity,NA,6.31,ppt,f01,NA,NA,NA,NA,NA,38.8425,-76.5341
02060004,456374,bay747,twqm,trib,mddnr,mddnr,wt8.3,2019-06-17t00:00:00,11:58:00,3.7,NA,NA,0.5,s,ism,m1,salinity,NA,5.15,ppt,f01,NA,NA,NA,NA,NA,38.8425,-76.5341
02060004,456373,bay747,twqm,trib,mddnr,mddnr,wt8.2,2019-06-17t00:00:00,11:31:00,2.6,NA,NA,1.6,b,ism,m1,salinity,NA,4.36,ppt,f01,NA,NA,NA,NA,NA,38.88696,-76.5349
02060004,456373,bay747,twqm,trib,mddnr,mddnr,wt8.2,2019-06-17t00:00:00,11:31:00,2.6,NA,NA,1,m,ism,m1,salinity,NA,4.18,ppt,f01,NA,NA,NA,NA,NA,38.88696,-76.5349
02060004,456373,bay747,twqm,trib,mddnr,mddnr,wt8.2,2019-06-17t00:00:00,11:31:00,2.6,NA,NA,0.5,s,ism,m1,salinity,NA,4.18,ppt,f01,NA,NA,NA,NA,NA,38.88696,-76.5349
02060004,456372,bay747,twqm,trib,mddnr,mddnr,wt8.1,2019-06-17t00:00:00,10:49:00,7.4,NA,NA,6.4,b,ism,m1,salinity,NA,5.69,ppt,f01,NA,NA,NA,NA,NA,38.9496,-76.5461
02060004,456372,bay747,twqm,trib,mddnr,mddnr,wt8.1,2019-06-17t00:00:00,10:49:00,7.4,NA,NA,1,m,ism,m1,salinity,NA,3.77,ppt,f01,NA,NA,NA,NA,NA,38.9496,-76.5461
02060004,456372,bay747,twqm,trib,mddnr,mddnr,wt8.1,2019-06-17t00:00:00,10:49:00,7.4,NA,NA,2,m,ism,m1,salinity,NA,4.12,ppt,f01,NA,NA,NA,NA,NA,38.9496,-76.5461
02060004,456372,bay747,twqm,trib,mddnr,mddnr,wt8.1,2019-06-17t00:00:00,10:49:00,7.4,NA,NA,3,m,ism,m1,salinity,NA,4.72,ppt,f01,NA,NA,NA,NA,NA,38.9496,-76.5461
02060004,456372,bay747,twqm,trib,mddnr,mddnr,wt8.1,2019-06-17t00:00:00,10:49:00,7.4,NA,NA,4,m,ism,m1,salinity,NA,5.27,ppt,f01,NA,NA,NA,NA,NA,38.9496,-76.5461
02060004,456372,bay747,twqm,trib,mddnr,mddnr,wt8.1,2019-06-17t00:00:00,10:49:00,7.4,NA,NA,5,m,ism,m1,salinity,NA,5.51,ppt,f01,NA,NA,NA,NA,NA,38.9496,-76.5461
02060004,456372,bay747,twqm,trib,mddnr,mddnr,wt8.1,2019-06-17t00:00:00,10:49:00,7.4,NA,NA,6,m,ism,m1,salinity,NA,5.69,ppt,f01,NA,NA,NA,NA,NA,38.9496,-76.5461
02060004,456372,bay747,twqm,trib,mddnr,mddnr,wt8.1,2019-06-17t00:00:00,10:49:00,7.4,NA,NA,0.5,s,ism,m1,salinity,NA,3.65,ppt,f01,NA,NA,NA,NA,NA,38.9496,-76.5461
02060004,456372,bay747,twqm,trib,mddnr,mddnr,wt8.1,2019-06-17t00:00:00,10:49:00,7.4,NA,NA,0.5,s,ism,m1,secchi,NA,0.5,m,f01,NA,NA,NA,NA,NA,38.9496,-76.5461
02060004,456373,bay747,twqm,trib,mddnr,mddnr,wt8.2,2019-06-17t00:00:00,11:31:00,2.6,NA,NA,0.5,s,ism,m1,secchi,NA,0.4,m,f01,NA,NA,NA,NA,NA,38.88696,-76.5349
02060004,456374,bay747,twqm,trib,mddnr,mddnr,wt8.3,2019-06-17t00:00:00,11:58:00,3.7,NA,NA,0.5,s,ism,m1,secchi,NA,0.4,m,f01,NA,NA,NA,NA,NA,38.8425,-76.5341
02060004,456370,bay747,twqm,trib,mddnr,mddnr,wt6.1,2019-06-17t00:00:00,09:01:00,6,NA,NA,0.5,s,ism,m1,secchi,NA,0.6,m,f01,NA,NA,NA,NA,NA,39.07851,-76.51005
02060004,456371,bay747,twqm,trib,mddnr,mddnr,wt7.1,2019-06-17t00:00:00,10:01:00,9.8,NA,NA,0.5,s,ism,m1,secchi,NA,1.3,m,f01,NA,NA,NA,NA,NA,39.00764,-76.5035
02060004,456128,bay744,twqm,trib,mddnr,mddnr,wt8.3,2019-05-14t00:00:00,10:54:00,3.9,NA,NA,0.5,s,ism,m1,secchi,NA,0.5,m,f01,NA,NA,NA,NA,NA,38.8425,-76.5341
02060004,456126,bay744,twqm,trib,mddnr,mddnr,wt8.1,2019-05-14t00:00:00,10:26:00,7.3,NA,NA,0.5,s,ism,m1,secchi,NA,0.9,m,f01,NA,NA,NA,NA,NA,38.9496,-76.5461
02060004,456127,bay744,twqm,trib,mddnr,mddnr,wt8.2,2019-05-14t00:00:00,11:09:00,2.9,NA,NA,0.5,s,ism,m1,secchi,NA,0.5,m,f01,NA,NA,NA,NA,NA,38.88696,-76.5349
02060004,456124,bay744,twqm,trib,mddnr,mddnr,wt6.1,2019-05-14t00:00:00,08:48:00,5.9,NA,NA,0.5,s,ism,m1,secchi,NA,0.9,m,f01,NA,NA,NA,NA,NA,39.07851,-76.51005
02060004,456125,bay744,twqm,trib,mddnr,mddnr,wt7.1,2019-05-14t00:00:00,09:51:00,9.3,NA,NA,0.5,s,ism,m1,secchi,NA,1,m,f01,NA,NA,NA,NA,NA,39.00764,-76.5035
02060004,456234,bay743,twqm,trib,mddnr,mddnr,wt8.1,2019-04-16t00:00:00,11:18:00,5.4,NA,NA,0.5,s,ism,m1,secchi,NA,0.6,m,f01,NA,NA,NA,NA,NA,38.9496,-76.5461
02060004,456235,bay743,twqm,trib,mddnr,mddnr,wt8.2,2019-04-16t00:00:00,12:47:00,2.6,NA,NA,0.5,s,ism,m1,secchi,NA,0.4,m,f01,NA,NA,NA,NA,NA,38.88696,-76.5349
02060004,456236,bay743,twqm,trib,mddnr,mddnr,wt8.3,2019-04-16t00:00:00,12:08:00,2.3,NA,NA,0.5,s,ism,m1,secchi,NA,0.5,m,f01,NA,NA,NA,NA,NA,38.8425,-76.5341
02060004,456232,bay743,twqm,trib,mddnr,mddnr,wt6.1,2019-04-16t00:00:00,08:48:00,4.2,NA,NA,0.5,s,ism,m1,secchi,NA,0.8,m,f01,NA,NA,NA,NA,NA,39.07851,-76.51005
02060004,456233,bay743,twqm,trib,mddnr,mddnr,wt7.1,2019-04-16t00:00:00,10:12:00,11,NA,NA,0.5,s,ism,m1,secchi,NA,0.8,m,f01,NA,NA,NA,NA,NA,39.00764,-76.5035
02060004,455159,bay740,twqm,trib,mddnr,mddnr,wt8.1,2019-03-14t00:00:00,10:07:00,8.1,NA,NA,0.5,s,ism,m1,secchi,NA,0.8,m,f01,NA,NA,NA,NA,NA,38.9496,-76.5461
02060004,455160,bay740,twqm,trib,mddnr,mddnr,wt8.2,2019-03-14t00:00:00,09:38:00,2.8,NA,NA,0.5,s,ism,m1,secchi,NA,0.8,m,f01,NA,NA,NA,NA,NA,38.88696,-76.5349
02060004,455161,bay740,twqm,trib,mddnr,mddnr,wt8.3,2019-03-14t00:00:00,09:25:00,4,NA,NA,0.5,s,ism,m1,secchi,NA,0.8,m,f01,NA,NA,NA,NA,NA,38.8425,-76.5341
02060004,455157,bay740,twqm,trib,mddnr,mddnr,wt6.1,2019-03-14t00:00:00,11:36:00,6.3,NA,NA,0.5,s,ism,m1,secchi,NA,0.9,m,f01,NA,NA,NA,NA,NA,39.07851,-76.51005
02060004,455158,bay740,twqm,trib,mddnr,mddnr,wt7.1,2019-03-14t00:00:00,10:49:00,10.1,NA,NA,0.5,s,ism,m1,secchi,NA,0.9,m,f01,NA,NA,NA,NA,NA,39.00764,-76.5035
02060004,455053,bay738,twqm,trib,mddnr,mddnr,wt8.3,2019-02-11t00:00:00,10:34:00,3.7,NA,NA,0.5,s,ism,m1,secchi,NA,1,m,f01,NA,NA,NA,NA,NA,38.8425,-76.5341
02060004,455051,bay738,twqm,trib,mddnr,mddnr,wt8.1,2019-02-11t00:00:00,10:09:00,8,NA,NA,0.5,s,ism,m1,secchi,NA,1.1,m,f01,NA,NA,NA,NA,NA,38.9496,-76.5461
02060004,455050,bay738,twqm,trib,mddnr,mddnr,wt7.1,2019-02-11t00:00:00,09:34:00,9.3,NA,NA,0.5,s,ism,m1,secchi,NA,0.9,m,f01,NA,NA,NA,NA,NA,39.00764,-76.5035
02060004,455052,bay738,twqm,trib,mddnr,mddnr,wt8.2,2019-02-11t00:00:00,10:46:00,2.6,NA,NA,0.5,s,ism,m1,secchi,NA,0.8,m,f01,NA,NA,NA,NA,NA,38.88696,-76.5349
02060004,455049,bay738,twqm,trib,mddnr,mddnr,wt6.1,2019-02-11t00:00:00,08:52:00,5.9,NA,NA,0.5,s,ism,m1,secchi,NA,1,m,f01,NA,NA,NA,NA,NA,39.07851,-76.51005
02060004,454719,bay736,twqm,trib,mddnr,mddnr,wt8.3,2019-01-15t00:00:00,11:50:00,3.9,NA,NA,0.5,s,ism,m1,secchi,NA,0.7,m,f01,NA,NA,NA,NA,NA,38.8425,-76.5341
02060004,454718,bay736,twqm,trib,mddnr,mddnr,wt8.2,2019-01-15t00:00:00,11:35:00,3.3,NA,NA,0.5,s,ism,m1,secchi,NA,0.7,m,f01,NA,NA,NA,NA,NA,38.88696,-76.5349
02060004,454717,bay736,twqm,trib,mddnr,mddnr,wt8.1,2019-01-15t00:00:00,12:14:00,7.5,NA,NA,0.5,s,ism,m1,secchi,NA,0.7,m,f01,NA,NA,NA,NA,NA,38.9496,-76.5461
02060004,454716,bay736,twqm,trib,mddnr,mddnr,wt7.1,2019-01-15t00:00:00,10:57:00,9.4,NA,NA,0.5,s,ism,m1,secchi,NA,1.1,m,f01,NA,NA,NA,NA,NA,39.00764,-76.5035
02060004,454715,bay736,twqm,trib,mddnr,mddnr,wt6.1,2019-01-15t00:00:00,10:08:00,6.2,NA,NA,0.5,s,ism,m1,secchi,NA,0.9,m,f01,NA,NA,NA,NA,NA,39.07851,-76.51005
